strategy,S&P500
18.22622197,-19.79336948
18.22622197,-19.79336948
18.22622197,-19.79336948
18.22622197,-19.79336948
18.22622197,-19.79336948
18.22622197,-19.79336948
18.22622197,-19.79336948
18.22622197,-19.79336948
18.22622197,-19.79336948
18.22622197,-19.79336948
24.27286699,-15.04529816
24.27286699,-15.04529816
24.27286699,-15.04529816
24.27286699,-15.04529816
24.27286699,-15.04529816
24.27286699,-15.04529816
24.27286699,-15.04529816
24.27286699,-15.04529816
24.27286699,-15.04529816
24.27286699,-15.04529816
-8.458659629,-11.16107196
-8.458659629,-11.16107196
-8.458659629,-11.16107196
-8.458659629,-11.16107196
-8.458659629,-11.16107196
-8.458659629,-11.16107196
-8.458659629,-11.16107196
-8.458659629,-11.16107196
-8.458659629,-11.16107196
-8.458659629,-11.16107196
-23.03763353,-9.460106188
-23.03763353,-9.460106188
-23.03763353,-9.460106188
-23.03763353,-9.460106188
-23.03763353,-9.460106188
-23.03763353,-9.460106188
-23.03763353,-9.460106188
-23.03763353,-9.460106188
-23.03763353,-9.460106188
-23.03763353,-9.460106188
6.100471398,-9.066696975
6.100471398,-9.066696975
6.100471398,-9.066696975
6.100471398,-9.066696975
6.100471398,-9.066696975
6.100471398,-9.066696975
6.100471398,-9.066696975
6.100471398,-9.066696975
6.100471398,-9.066696975
6.100471398,-9.066696975
-19.77245419,-8.696701435
-19.77245419,-8.696701435
-19.77245419,-8.696701435
-19.77245419,-8.696701435
-19.77245419,-8.696701435
-19.77245419,-8.696701435
-19.77245419,-8.696701435
-19.77245419,-8.696701435
-19.77245419,-8.696701435
-19.77245419,-8.696701435
41.52347562,-8.196693843
41.52347562,-8.196693843
41.52347562,-8.196693843
41.52347562,-8.196693843
41.52347562,-8.196693843
41.52347562,-8.196693843
41.52347562,-8.196693843
41.52347562,-8.196693843
41.52347562,-8.196693843
41.52347562,-8.196693843
-22.08792137,-7.713672522
-22.08792137,-7.713672522
-22.08792137,-7.713672522
-22.08792137,-7.713672522
-22.08792137,-7.713672522
-22.08792137,-7.713672522
-22.08792137,-7.713672522
-22.08792137,-7.713672522
-22.08792137,-7.713672522
-22.08792137,-7.713672522
3.294014345,-7.590121932
3.294014345,-7.590121932
3.294014345,-7.590121932
3.294014345,-7.590121932
3.294014345,-7.590121932
3.294014345,-7.590121932
3.294014345,-7.590121932
3.294014345,-7.590121932
3.294014345,-7.590121932
3.294014345,-7.590121932
-3.057585511,-7.152272503
-3.057585511,-7.152272503
-3.057585511,-7.152272503
-3.057585511,-7.152272503
-3.057585511,-7.152272503
-3.057585511,-7.152272503
-3.057585511,-7.152272503
-3.057585511,-7.152272503
-3.057585511,-7.152272503
-3.057585511,-7.152272503
39.12914814,-6.776699973
39.12914814,-6.776699973
39.12914814,-6.776699973
39.12914814,-6.776699973
39.12914814,-6.776699973
39.12914814,-6.776699973
39.12914814,-6.776699973
39.12914814,-6.776699973
39.12914814,-6.776699973
39.12914814,-6.776699973
24.38155428,-6.619502953
24.38155428,-6.619502953
24.38155428,-6.619502953
24.38155428,-6.619502953
24.38155428,-6.619502953
24.38155428,-6.619502953
24.38155428,-6.619502953
24.38155428,-6.619502953
24.38155428,-6.619502953
24.38155428,-6.619502953
3.520831936,-6.452394474
3.520831936,-6.452394474
3.520831936,-6.452394474
3.520831936,-6.452394474
3.520831936,-6.452394474
3.520831936,-6.452394474
3.520831936,-6.452394474
3.520831936,-6.452394474
3.520831936,-6.452394474
3.520831936,-6.452394474
3.763391918,-6.354691567
3.763391918,-6.354691567
3.763391918,-6.354691567
3.763391918,-6.354691567
3.763391918,-6.354691567
3.763391918,-6.354691567
3.763391918,-6.354691567
3.763391918,-6.354691567
3.763391918,-6.354691567
3.763391918,-6.354691567
1.942305625,-6.141615568
1.942305625,-6.141615568
1.942305625,-6.141615568
1.942305625,-6.141615568
1.942305625,-6.141615568
1.942305625,-6.141615568
1.942305625,-6.141615568
1.942305625,-6.141615568
1.942305625,-6.141615568
1.942305625,-6.141615568
-3.037642115,-6.083466104
-3.037642115,-6.083466104
-3.037642115,-6.083466104
-3.037642115,-6.083466104
-3.037642115,-6.083466104
-3.037642115,-6.083466104
-3.037642115,-6.083466104
-3.037642115,-6.083466104
-3.037642115,-6.083466104
-3.037642115,-6.083466104
-5.487791412,-5.861584166
-5.487791412,-5.861584166
-5.487791412,-5.861584166
-5.487791412,-5.861584166
-5.487791412,-5.861584166
-5.487791412,-5.861584166
-5.487791412,-5.861584166
-5.487791412,-5.861584166
-5.487791412,-5.861584166
-5.487791412,-5.861584166
4.312033335,-5.772371352
4.312033335,-5.772371352
4.312033335,-5.772371352
4.312033335,-5.772371352
4.312033335,-5.772371352
4.312033335,-5.772371352
4.312033335,-5.772371352
4.312033335,-5.772371352
4.312033335,-5.772371352
4.312033335,-5.772371352
-1.324283231,-5.753991058
-1.324283231,-5.753991058
-1.324283231,-5.753991058
-1.324283231,-5.753991058
-1.324283231,-5.753991058
-1.324283231,-5.753991058
-1.324283231,-5.753991058
-1.324283231,-5.753991058
-1.324283231,-5.753991058
-1.324283231,-5.753991058
6.750660469,-5.564194729
6.750660469,-5.564194729
6.750660469,-5.564194729
6.750660469,-5.564194729
6.750660469,-5.564194729
6.750660469,-5.564194729
6.750660469,-5.564194729
6.750660469,-5.564194729
6.750660469,-5.564194729
6.750660469,-5.564194729
2.227130607,-5.534317126
2.227130607,-5.534317126
2.227130607,-5.534317126
2.227130607,-5.534317126
2.227130607,-5.534317126
2.227130607,-5.534317126
2.227130607,-5.534317126
2.227130607,-5.534317126
2.227130607,-5.534317126
2.227130607,-5.534317126
2.043199798,-5.512933888
2.043199798,-5.512933888
2.043199798,-5.512933888
2.043199798,-5.512933888
2.043199798,-5.512933888
2.043199798,-5.512933888
2.043199798,-5.512933888
2.043199798,-5.512933888
2.043199798,-5.512933888
2.043199798,-5.512933888
-1.695133945,-5.465847705
-1.695133945,-5.465847705
-1.695133945,-5.465847705
-1.695133945,-5.465847705
-1.695133945,-5.465847705
-1.695133945,-5.465847705
-1.695133945,-5.465847705
-1.695133945,-5.465847705
-1.695133945,-5.465847705
-1.695133945,-5.465847705
7.525774547,-5.256299013
7.525774547,-5.256299013
7.525774547,-5.256299013
7.525774547,-5.256299013
7.525774547,-5.256299013
7.525774547,-5.256299013
7.525774547,-5.256299013
7.525774547,-5.256299013
7.525774547,-5.256299013
7.525774547,-5.256299013
-5.857941004,-5.174634374
-5.857941004,-5.174634374
-5.857941004,-5.174634374
-5.857941004,-5.174634374
-5.857941004,-5.174634374
-5.857941004,-5.174634374
-5.857941004,-5.174634374
-5.857941004,-5.174634374
-5.857941004,-5.174634374
-5.857941004,-5.174634374
5.065160201,-5.06446075
5.065160201,-5.06446075
5.065160201,-5.06446075
5.065160201,-5.06446075
5.065160201,-5.06446075
5.065160201,-5.06446075
5.065160201,-5.06446075
5.065160201,-5.06446075
5.065160201,-5.06446075
5.065160201,-5.06446075
-7.852829796,-5.051886838
-7.852829796,-5.051886838
-7.852829796,-5.051886838
-7.852829796,-5.051886838
-7.852829796,-5.051886838
-7.852829796,-5.051886838
-7.852829796,-5.051886838
-7.852829796,-5.051886838
-7.852829796,-5.051886838
-7.852829796,-5.051886838
-13.38036562,-4.851642714
-13.38036562,-4.851642714
-13.38036562,-4.851642714
-13.38036562,-4.851642714
-13.38036562,-4.851642714
-13.38036562,-4.851642714
-13.38036562,-4.851642714
-13.38036562,-4.851642714
-13.38036562,-4.851642714
-13.38036562,-4.851642714
-0.207164703,-4.73792362
-0.207164703,-4.73792362
-0.207164703,-4.73792362
-0.207164703,-4.73792362
-0.207164703,-4.73792362
-0.207164703,-4.73792362
-0.207164703,-4.73792362
-0.207164703,-4.73792362
-0.207164703,-4.73792362
-0.207164703,-4.73792362
-0.370316808,-4.664036715
-0.370316808,-4.664036715
-0.370316808,-4.664036715
-0.370316808,-4.664036715
-0.370316808,-4.664036715
-0.370316808,-4.664036715
-0.370316808,-4.664036715
-0.370316808,-4.664036715
-0.370316808,-4.664036715
-0.370316808,-4.664036715
8.401759582,-4.639330566
8.401759582,-4.639330566
8.401759582,-4.639330566
8.401759582,-4.639330566
8.401759582,-4.639330566
8.401759582,-4.639330566
8.401759582,-4.639330566
8.401759582,-4.639330566
8.401759582,-4.639330566
8.401759582,-4.639330566
11.61513657,-4.623723384
11.61513657,-4.623723384
11.61513657,-4.623723384
11.61513657,-4.623723384
11.61513657,-4.623723384
11.61513657,-4.623723384
11.61513657,-4.623723384
11.61513657,-4.623723384
11.61513657,-4.623723384
11.61513657,-4.623723384
1.413976602,-4.592348522
1.413976602,-4.592348522
1.413976602,-4.592348522
1.413976602,-4.592348522
1.413976602,-4.592348522
1.413976602,-4.592348522
1.413976602,-4.592348522
1.413976602,-4.592348522
1.413976602,-4.592348522
1.413976602,-4.592348522
2.868486175,-4.562938099
2.868486175,-4.562938099
2.868486175,-4.562938099
2.868486175,-4.562938099
2.868486175,-4.562938099
2.868486175,-4.562938099
2.868486175,-4.562938099
2.868486175,-4.562938099
2.868486175,-4.562938099
2.868486175,-4.562938099
-7.686222276,-4.523546182
-7.686222276,-4.523546182
-7.686222276,-4.523546182
-7.686222276,-4.523546182
-7.686222276,-4.523546182
-7.686222276,-4.523546182
-7.686222276,-4.523546182
-7.686222276,-4.523546182
-7.686222276,-4.523546182
-7.686222276,-4.523546182
-9.512463763,-4.522634912
-9.512463763,-4.522634912
-9.512463763,-4.522634912
-9.512463763,-4.522634912
-9.512463763,-4.522634912
-9.512463763,-4.522634912
-9.512463763,-4.522634912
-9.512463763,-4.522634912
-9.512463763,-4.522634912
-9.512463763,-4.522634912
-11.71963095,-4.507860442
-11.71963095,-4.507860442
-11.71963095,-4.507860442
-11.71963095,-4.507860442
-11.71963095,-4.507860442
-11.71963095,-4.507860442
-11.71963095,-4.507860442
-11.71963095,-4.507860442
-11.71963095,-4.507860442
-11.71963095,-4.507860442
-2.63857483,-4.382371385
-2.63857483,-4.382371385
-2.63857483,-4.382371385
-2.63857483,-4.382371385
-2.63857483,-4.382371385
-2.63857483,-4.382371385
-2.63857483,-4.382371385
-2.63857483,-4.382371385
-2.63857483,-4.382371385
-2.63857483,-4.382371385
2.801173416,-4.328581257
2.801173416,-4.328581257
2.801173416,-4.328581257
2.801173416,-4.328581257
2.801173416,-4.328581257
2.801173416,-4.328581257
2.801173416,-4.328581257
2.801173416,-4.328581257
2.801173416,-4.328581257
2.801173416,-4.328581257
4.223012779,-4.260228281
4.223012779,-4.260228281
4.223012779,-4.260228281
4.223012779,-4.260228281
4.223012779,-4.260228281
4.223012779,-4.260228281
4.223012779,-4.260228281
4.223012779,-4.260228281
4.223012779,-4.260228281
4.223012779,-4.260228281
1.582455594,-4.197052111
1.582455594,-4.197052111
1.582455594,-4.197052111
1.582455594,-4.197052111
1.582455594,-4.197052111
1.582455594,-4.197052111
1.582455594,-4.197052111
1.582455594,-4.197052111
1.582455594,-4.197052111
1.582455594,-4.197052111
4.477628813,-4.18210572
4.477628813,-4.18210572
4.477628813,-4.18210572
4.477628813,-4.18210572
4.477628813,-4.18210572
4.477628813,-4.18210572
4.477628813,-4.18210572
4.477628813,-4.18210572
4.477628813,-4.18210572
4.477628813,-4.18210572
-3.222521088,-4.175367918
-3.222521088,-4.175367918
-3.222521088,-4.175367918
-3.222521088,-4.175367918
-3.222521088,-4.175367918
-3.222521088,-4.175367918
-3.222521088,-4.175367918
-3.222521088,-4.175367918
-3.222521088,-4.175367918
-3.222521088,-4.175367918
-8.854791839,-4.163037964
-8.854791839,-4.163037964
-8.854791839,-4.163037964
-8.854791839,-4.163037964
-8.854791839,-4.163037964
-8.854791839,-4.163037964
-8.854791839,-4.163037964
-8.854791839,-4.163037964
-8.854791839,-4.163037964
-8.854791839,-4.163037964
8.55496637,-4.137081718
8.55496637,-4.137081718
8.55496637,-4.137081718
8.55496637,-4.137081718
8.55496637,-4.137081718
8.55496637,-4.137081718
8.55496637,-4.137081718
8.55496637,-4.137081718
8.55496637,-4.137081718
8.55496637,-4.137081718
-2.005253023,-4.124124341
-2.005253023,-4.124124341
-2.005253023,-4.124124341
-2.005253023,-4.124124341
-2.005253023,-4.124124341
-2.005253023,-4.124124341
-2.005253023,-4.124124341
-2.005253023,-4.124124341
-2.005253023,-4.124124341
-2.005253023,-4.124124341
-2.965692193,-4.066488323
-2.965692193,-4.066488323
-2.965692193,-4.066488323
-2.965692193,-4.066488323
-2.965692193,-4.066488323
-2.965692193,-4.066488323
-2.965692193,-4.066488323
-2.965692193,-4.066488323
-2.965692193,-4.066488323
-2.965692193,-4.066488323
1.494158058,-4.007974977
1.494158058,-4.007974977
1.494158058,-4.007974977
1.494158058,-4.007974977
1.494158058,-4.007974977
1.494158058,-4.007974977
1.494158058,-4.007974977
1.494158058,-4.007974977
1.494158058,-4.007974977
1.494158058,-4.007974977
-4.012923044,-3.986825546
-4.012923044,-3.986825546
-4.012923044,-3.986825546
-4.012923044,-3.986825546
-4.012923044,-3.986825546
-4.012923044,-3.986825546
-4.012923044,-3.986825546
-4.012923044,-3.986825546
-4.012923044,-3.986825546
-4.012923044,-3.986825546
5.359546462,-3.952937244
5.359546462,-3.952937244
5.359546462,-3.952937244
5.359546462,-3.952937244
5.359546462,-3.952937244
5.359546462,-3.952937244
5.359546462,-3.952937244
5.359546462,-3.952937244
5.359546462,-3.952937244
5.359546462,-3.952937244
-10.05094704,-3.901019317
-10.05094704,-3.901019317
-10.05094704,-3.901019317
-10.05094704,-3.901019317
-10.05094704,-3.901019317
-10.05094704,-3.901019317
-10.05094704,-3.901019317
-10.05094704,-3.901019317
-10.05094704,-3.901019317
-10.05094704,-3.901019317
-2.937791188,-3.898290105
-2.937791188,-3.898290105
-2.937791188,-3.898290105
-2.937791188,-3.898290105
-2.937791188,-3.898290105
-2.937791188,-3.898290105
-2.937791188,-3.898290105
-2.937791188,-3.898290105
-2.937791188,-3.898290105
-2.937791188,-3.898290105
-5.260672798,-3.883668991
-5.260672798,-3.883668991
-5.260672798,-3.883668991
-5.260672798,-3.883668991
-5.260672798,-3.883668991
-5.260672798,-3.883668991
-5.260672798,-3.883668991
-5.260672798,-3.883668991
-5.260672798,-3.883668991
-5.260672798,-3.883668991
6.173693649,-3.828606137
6.173693649,-3.828606137
6.173693649,-3.828606137
6.173693649,-3.828606137
6.173693649,-3.828606137
6.173693649,-3.828606137
6.173693649,-3.828606137
6.173693649,-3.828606137
6.173693649,-3.828606137
6.173693649,-3.828606137
-5.99064529,-3.694930254
-5.99064529,-3.694930254
-5.99064529,-3.694930254
-5.99064529,-3.694930254
-5.99064529,-3.694930254
-5.99064529,-3.694930254
-5.99064529,-3.694930254
-5.99064529,-3.694930254
-5.99064529,-3.694930254
-5.99064529,-3.694930254
-1.49343931,-3.692393767
-1.49343931,-3.692393767
-1.49343931,-3.692393767
-1.49343931,-3.692393767
-1.49343931,-3.692393767
-1.49343931,-3.692393767
-1.49343931,-3.692393767
-1.49343931,-3.692393767
-1.49343931,-3.692393767
-1.49343931,-3.692393767
-0.333209098,-3.630220075
-0.333209098,-3.630220075
-0.333209098,-3.630220075
-0.333209098,-3.630220075
-0.333209098,-3.630220075
-0.333209098,-3.630220075
-0.333209098,-3.630220075
-0.333209098,-3.630220075
-0.333209098,-3.630220075
-0.333209098,-3.630220075
3.730475216,-3.570734722
3.730475216,-3.570734722
3.730475216,-3.570734722
3.730475216,-3.570734722
3.730475216,-3.570734722
3.730475216,-3.570734722
3.730475216,-3.570734722
3.730475216,-3.570734722
3.730475216,-3.570734722
3.730475216,-3.570734722
3.646615019,-3.538264152
3.646615019,-3.538264152
3.646615019,-3.538264152
3.646615019,-3.538264152
3.646615019,-3.538264152
3.646615019,-3.538264152
3.646615019,-3.538264152
3.646615019,-3.538264152
3.646615019,-3.538264152
3.646615019,-3.538264152
2.8341265,-3.518806529
2.8341265,-3.518806529
2.8341265,-3.518806529
2.8341265,-3.518806529
2.8341265,-3.518806529
2.8341265,-3.518806529
2.8341265,-3.518806529
2.8341265,-3.518806529
2.8341265,-3.518806529
2.8341265,-3.518806529
7.359963258,-3.418284287
7.359963258,-3.418284287
7.359963258,-3.418284287
7.359963258,-3.418284287
7.359963258,-3.418284287
7.359963258,-3.418284287
7.359963258,-3.418284287
7.359963258,-3.418284287
7.359963258,-3.418284287
7.359963258,-3.418284287
-0.686272465,-3.393121928
-0.686272465,-3.393121928
-0.686272465,-3.393121928
-0.686272465,-3.393121928
-0.686272465,-3.393121928
-0.686272465,-3.393121928
-0.686272465,-3.393121928
-0.686272465,-3.393121928
-0.686272465,-3.393121928
-0.686272465,-3.393121928
1.895758524,-3.357108624
1.895758524,-3.357108624
1.895758524,-3.357108624
1.895758524,-3.357108624
1.895758524,-3.357108624
1.895758524,-3.357108624
1.895758524,-3.357108624
1.895758524,-3.357108624
1.895758524,-3.357108624
1.895758524,-3.357108624
-5.206157268,-3.356596222
-5.206157268,-3.356596222
-5.206157268,-3.356596222
-5.206157268,-3.356596222
-5.206157268,-3.356596222
-5.206157268,-3.356596222
-5.206157268,-3.356596222
-5.206157268,-3.356596222
-5.206157268,-3.356596222
-5.206157268,-3.356596222
-0.122011126,-3.349638972
-0.122011126,-3.349638972
-0.122011126,-3.349638972
-0.122011126,-3.349638972
-0.122011126,-3.349638972
-0.122011126,-3.349638972
-0.122011126,-3.349638972
-0.122011126,-3.349638972
-0.122011126,-3.349638972
-0.122011126,-3.349638972
9.479660157,-3.345704378
9.479660157,-3.345704378
9.479660157,-3.345704378
9.479660157,-3.345704378
9.479660157,-3.345704378
9.479660157,-3.345704378
9.479660157,-3.345704378
9.479660157,-3.345704378
9.479660157,-3.345704378
9.479660157,-3.345704378
-0.413984084,-3.295455698
-0.413984084,-3.295455698
-0.413984084,-3.295455698
-0.413984084,-3.295455698
-0.413984084,-3.295455698
-0.413984084,-3.295455698
-0.413984084,-3.295455698
-0.413984084,-3.295455698
-0.413984084,-3.295455698
-0.413984084,-3.295455698
10.79056104,-3.256903254
10.79056104,-3.256903254
10.79056104,-3.256903254
10.79056104,-3.256903254
10.79056104,-3.256903254
10.79056104,-3.256903254
10.79056104,-3.256903254
10.79056104,-3.256903254
10.79056104,-3.256903254
10.79056104,-3.256903254
4.482182323,-3.224694972
4.482182323,-3.224694972
4.482182323,-3.224694972
4.482182323,-3.224694972
4.482182323,-3.224694972
4.482182323,-3.224694972
4.482182323,-3.224694972
4.482182323,-3.224694972
4.482182323,-3.224694972
4.482182323,-3.224694972
0.750112836,-3.197307645
0.750112836,-3.197307645
0.750112836,-3.197307645
0.750112836,-3.197307645
0.750112836,-3.197307645
0.750112836,-3.197307645
0.750112836,-3.197307645
0.750112836,-3.197307645
0.750112836,-3.197307645
0.750112836,-3.197307645
-1.676971643,-3.109187076
-1.676971643,-3.109187076
-1.676971643,-3.109187076
-1.676971643,-3.109187076
-1.676971643,-3.109187076
-1.676971643,-3.109187076
-1.676971643,-3.109187076
-1.676971643,-3.109187076
-1.676971643,-3.109187076
-1.676971643,-3.109187076
0.263001167,-3.073132173
0.263001167,-3.073132173
0.263001167,-3.073132173
0.263001167,-3.073132173
0.263001167,-3.073132173
0.263001167,-3.073132173
0.263001167,-3.073132173
0.263001167,-3.073132173
0.263001167,-3.073132173
0.263001167,-3.073132173
7.416240764,-3.071358685
7.416240764,-3.071358685
7.416240764,-3.071358685
7.416240764,-3.071358685
7.416240764,-3.071358685
7.416240764,-3.071358685
7.416240764,-3.071358685
7.416240764,-3.071358685
7.416240764,-3.071358685
7.416240764,-3.071358685
-2.307295951,-3.071282025
-2.307295951,-3.071282025
-2.307295951,-3.071282025
-2.307295951,-3.071282025
-2.307295951,-3.071282025
-2.307295951,-3.071282025
-2.307295951,-3.071282025
-2.307295951,-3.071282025
-2.307295951,-3.071282025
-2.307295951,-3.071282025
-11.52077956,-3.067195994
-11.52077956,-3.067195994
-11.52077956,-3.067195994
-11.52077956,-3.067195994
-11.52077956,-3.067195994
-11.52077956,-3.067195994
-11.52077956,-3.067195994
-11.52077956,-3.067195994
-11.52077956,-3.067195994
-11.52077956,-3.067195994
1.4170191,-3.042971386
1.4170191,-3.042971386
1.4170191,-3.042971386
1.4170191,-3.042971386
1.4170191,-3.042971386
1.4170191,-3.042971386
1.4170191,-3.042971386
1.4170191,-3.042971386
1.4170191,-3.042971386
1.4170191,-3.042971386
10.15475322,-3.00956951
10.15475322,-3.00956951
10.15475322,-3.00956951
10.15475322,-3.00956951
10.15475322,-3.00956951
10.15475322,-3.00956951
10.15475322,-3.00956951
10.15475322,-3.00956951
10.15475322,-3.00956951
10.15475322,-3.00956951
-5.560318912,-2.995445002
-5.560318912,-2.995445002
-5.560318912,-2.995445002
-5.560318912,-2.995445002
-5.560318912,-2.995445002
-5.560318912,-2.995445002
-5.560318912,-2.995445002
-5.560318912,-2.995445002
-5.560318912,-2.995445002
-5.560318912,-2.995445002
4.331749658,-2.982588311
4.331749658,-2.982588311
4.331749658,-2.982588311
4.331749658,-2.982588311
4.331749658,-2.982588311
4.331749658,-2.982588311
4.331749658,-2.982588311
4.331749658,-2.982588311
4.331749658,-2.982588311
4.331749658,-2.982588311
-1.689525678,-2.978547691
-1.689525678,-2.978547691
-1.689525678,-2.978547691
-1.689525678,-2.978547691
-1.689525678,-2.978547691
-1.689525678,-2.978547691
-1.689525678,-2.978547691
-1.689525678,-2.978547691
-1.689525678,-2.978547691
-1.689525678,-2.978547691
-0.982828017,-2.927019123
-0.982828017,-2.927019123
-0.982828017,-2.927019123
-0.982828017,-2.927019123
-0.982828017,-2.927019123
-0.982828017,-2.927019123
-0.982828017,-2.927019123
-0.982828017,-2.927019123
-0.982828017,-2.927019123
-0.982828017,-2.927019123
-2.81104259,-2.892832327
-2.81104259,-2.892832327
-2.81104259,-2.892832327
-2.81104259,-2.892832327
-2.81104259,-2.892832327
-2.81104259,-2.892832327
-2.81104259,-2.892832327
-2.81104259,-2.892832327
-2.81104259,-2.892832327
-2.81104259,-2.892832327
8.257257655,-2.799825945
8.257257655,-2.799825945
8.257257655,-2.799825945
8.257257655,-2.799825945
8.257257655,-2.799825945
8.257257655,-2.799825945
8.257257655,-2.799825945
8.257257655,-2.799825945
8.257257655,-2.799825945
8.257257655,-2.799825945
4.155568782,-2.693083433
4.155568782,-2.693083433
4.155568782,-2.693083433
4.155568782,-2.693083433
4.155568782,-2.693083433
4.155568782,-2.693083433
4.155568782,-2.693083433
4.155568782,-2.693083433
4.155568782,-2.693083433
4.155568782,-2.693083433
-4.965715955,-2.683927412
-4.965715955,-2.683927412
-4.965715955,-2.683927412
-4.965715955,-2.683927412
-4.965715955,-2.683927412
-4.965715955,-2.683927412
-4.965715955,-2.683927412
-4.965715955,-2.683927412
-4.965715955,-2.683927412
-4.965715955,-2.683927412
2.978932695,-2.671512664
2.978932695,-2.671512664
2.978932695,-2.671512664
2.978932695,-2.671512664
2.978932695,-2.671512664
2.978932695,-2.671512664
2.978932695,-2.671512664
2.978932695,-2.671512664
2.978932695,-2.671512664
2.978932695,-2.671512664
5.209089704,-2.655799628
5.209089704,-2.655799628
5.209089704,-2.655799628
5.209089704,-2.655799628
5.209089704,-2.655799628
5.209089704,-2.655799628
5.209089704,-2.655799628
5.209089704,-2.655799628
5.209089704,-2.655799628
5.209089704,-2.655799628
0.69985659,-2.640102464
0.69985659,-2.640102464
0.69985659,-2.640102464
0.69985659,-2.640102464
0.69985659,-2.640102464
0.69985659,-2.640102464
0.69985659,-2.640102464
0.69985659,-2.640102464
0.69985659,-2.640102464
0.69985659,-2.640102464
2.948422533,-2.623355524
2.948422533,-2.623355524
2.948422533,-2.623355524
2.948422533,-2.623355524
2.948422533,-2.623355524
2.948422533,-2.623355524
2.948422533,-2.623355524
2.948422533,-2.623355524
2.948422533,-2.623355524
2.948422533,-2.623355524
-3.876794432,-2.593183244
-3.876794432,-2.593183244
-3.876794432,-2.593183244
-3.876794432,-2.593183244
-3.876794432,-2.593183244
-3.876794432,-2.593183244
-3.876794432,-2.593183244
-3.876794432,-2.593183244
-3.876794432,-2.593183244
-3.876794432,-2.593183244
0.771852062,-2.586571189
0.771852062,-2.586571189
0.771852062,-2.586571189
0.771852062,-2.586571189
0.771852062,-2.586571189
0.771852062,-2.586571189
0.771852062,-2.586571189
0.771852062,-2.586571189
0.771852062,-2.586571189
0.771852062,-2.586571189
0.717389521,-2.578372949
0.717389521,-2.578372949
0.717389521,-2.578372949
0.717389521,-2.578372949
0.717389521,-2.578372949
0.717389521,-2.578372949
0.717389521,-2.578372949
0.717389521,-2.578372949
0.717389521,-2.578372949
0.717389521,-2.578372949
5.157279795,-2.564096789
5.157279795,-2.564096789
5.157279795,-2.564096789
5.157279795,-2.564096789
5.157279795,-2.564096789
5.157279795,-2.564096789
5.157279795,-2.564096789
5.157279795,-2.564096789
5.157279795,-2.564096789
5.157279795,-2.564096789
-1.30808693,-2.545289872
-1.30808693,-2.545289872
-1.30808693,-2.545289872
-1.30808693,-2.545289872
-1.30808693,-2.545289872
-1.30808693,-2.545289872
-1.30808693,-2.545289872
-1.30808693,-2.545289872
-1.30808693,-2.545289872
-1.30808693,-2.545289872
1.002075814,-2.539554402
1.002075814,-2.539554402
1.002075814,-2.539554402
1.002075814,-2.539554402
1.002075814,-2.539554402
1.002075814,-2.539554402
1.002075814,-2.539554402
1.002075814,-2.539554402
1.002075814,-2.539554402
1.002075814,-2.539554402
2.229546175,-2.518692547
2.229546175,-2.518692547
2.229546175,-2.518692547
2.229546175,-2.518692547
2.229546175,-2.518692547
2.229546175,-2.518692547
2.229546175,-2.518692547
2.229546175,-2.518692547
2.229546175,-2.518692547
2.229546175,-2.518692547
6.939603474,-2.495306733
6.939603474,-2.495306733
6.939603474,-2.495306733
6.939603474,-2.495306733
6.939603474,-2.495306733
6.939603474,-2.495306733
6.939603474,-2.495306733
6.939603474,-2.495306733
6.939603474,-2.495306733
6.939603474,-2.495306733
3.606530446,-2.484194638
3.606530446,-2.484194638
3.606530446,-2.484194638
3.606530446,-2.484194638
3.606530446,-2.484194638
3.606530446,-2.484194638
3.606530446,-2.484194638
3.606530446,-2.484194638
3.606530446,-2.484194638
3.606530446,-2.484194638
-0.781225938,-2.479298069
-0.781225938,-2.479298069
-0.781225938,-2.479298069
-0.781225938,-2.479298069
-0.781225938,-2.479298069
-0.781225938,-2.479298069
-0.781225938,-2.479298069
-0.781225938,-2.479298069
-0.781225938,-2.479298069
-0.781225938,-2.479298069
1.636667006,-2.478340322
1.636667006,-2.478340322
1.636667006,-2.478340322
1.636667006,-2.478340322
1.636667006,-2.478340322
1.636667006,-2.478340322
1.636667006,-2.478340322
1.636667006,-2.478340322
1.636667006,-2.478340322
1.636667006,-2.478340322
-7.579969312,-2.462870371
-7.579969312,-2.462870371
-7.579969312,-2.462870371
-7.579969312,-2.462870371
-7.579969312,-2.462870371
-7.579969312,-2.462870371
-7.579969312,-2.462870371
-7.579969312,-2.462870371
-7.579969312,-2.462870371
-7.579969312,-2.462870371
-1.935204025,-2.440557147
-1.935204025,-2.440557147
-1.935204025,-2.440557147
-1.935204025,-2.440557147
-1.935204025,-2.440557147
0.44986297,-2.426147296
0.44986297,-2.426147296
0.44986297,-2.426147296
0.44986297,-2.426147296
0.44986297,-2.426147296
0.44986297,-2.426147296
0.44986297,-2.426147296
0.44986297,-2.426147296
0.44986297,-2.426147296
0.44986297,-2.426147296
3.720554661,-2.419278205
3.720554661,-2.419278205
3.720554661,-2.419278205
3.720554661,-2.419278205
3.720554661,-2.419278205
3.720554661,-2.419278205
3.720554661,-2.419278205
3.720554661,-2.419278205
3.720554661,-2.419278205
3.720554661,-2.419278205
-1.812760811,-2.414687949
-1.812760811,-2.414687949
-1.812760811,-2.414687949
-1.812760811,-2.414687949
-1.812760811,-2.414687949
-1.812760811,-2.414687949
-1.812760811,-2.414687949
-1.812760811,-2.414687949
-1.812760811,-2.414687949
-1.812760811,-2.414687949
0.630842,-2.414059059
0.630842,-2.414059059
0.630842,-2.414059059
0.630842,-2.414059059
0.630842,-2.414059059
0.630842,-2.414059059
0.630842,-2.414059059
0.630842,-2.414059059
0.630842,-2.414059059
0.630842,-2.414059059
-1.619705025,-2.401823663
-1.619705025,-2.401823663
-1.619705025,-2.401823663
-1.619705025,-2.401823663
-1.619705025,-2.401823663
-1.619705025,-2.401823663
-1.619705025,-2.401823663
-1.619705025,-2.401823663
-1.619705025,-2.401823663
-1.619705025,-2.401823663
6.140494938,-2.397676391
6.140494938,-2.397676391
6.140494938,-2.397676391
6.140494938,-2.397676391
6.140494938,-2.397676391
6.140494938,-2.397676391
6.140494938,-2.397676391
6.140494938,-2.397676391
6.140494938,-2.397676391
6.140494938,-2.397676391
-2.358366578,-2.389330714
-2.358366578,-2.389330714
-2.358366578,-2.389330714
-2.358366578,-2.389330714
-2.358366578,-2.389330714
-2.358366578,-2.389330714
-2.358366578,-2.389330714
-2.358366578,-2.389330714
-2.358366578,-2.389330714
-2.358366578,-2.389330714
3.745009994,-2.355399716
3.745009994,-2.355399716
3.745009994,-2.355399716
3.745009994,-2.355399716
3.745009994,-2.355399716
3.745009994,-2.355399716
3.745009994,-2.355399716
3.745009994,-2.355399716
3.745009994,-2.355399716
3.745009994,-2.355399716
3.315182906,-2.354023631
3.315182906,-2.354023631
3.315182906,-2.354023631
3.315182906,-2.354023631
3.315182906,-2.354023631
3.315182906,-2.354023631
3.315182906,-2.354023631
3.315182906,-2.354023631
3.315182906,-2.354023631
3.315182906,-2.354023631
-1.673293517,-2.33868909
-1.673293517,-2.33868909
-1.673293517,-2.33868909
-1.673293517,-2.33868909
-1.673293517,-2.33868909
-1.673293517,-2.33868909
-1.673293517,-2.33868909
-1.673293517,-2.33868909
-1.673293517,-2.33868909
-1.673293517,-2.33868909
3.787738406,-2.331471659
3.787738406,-2.331471659
3.787738406,-2.331471659
3.787738406,-2.331471659
3.787738406,-2.331471659
3.787738406,-2.331471659
3.787738406,-2.331471659
3.787738406,-2.331471659
3.787738406,-2.331471659
3.787738406,-2.331471659
1.076135055,-2.330878836
1.076135055,-2.330878836
1.076135055,-2.330878836
1.076135055,-2.330878836
1.076135055,-2.330878836
1.076135055,-2.330878836
1.076135055,-2.330878836
1.076135055,-2.330878836
1.076135055,-2.330878836
1.076135055,-2.330878836
-3.913115684,-2.314412708
-3.913115684,-2.314412708
-3.913115684,-2.314412708
-3.913115684,-2.314412708
-3.913115684,-2.314412708
-3.913115684,-2.314412708
-3.913115684,-2.314412708
-3.913115684,-2.314412708
-3.913115684,-2.314412708
-3.913115684,-2.314412708
3.945259639,-2.309128032
3.945259639,-2.309128032
3.945259639,-2.309128032
3.945259639,-2.309128032
3.945259639,-2.309128032
3.945259639,-2.309128032
3.945259639,-2.309128032
3.945259639,-2.309128032
3.945259639,-2.309128032
3.945259639,-2.309128032
-1.123970354,-2.29253961
-1.123970354,-2.29253961
-1.123970354,-2.29253961
-1.123970354,-2.29253961
-1.123970354,-2.29253961
-1.123970354,-2.29253961
-1.123970354,-2.29253961
-1.123970354,-2.29253961
-1.123970354,-2.29253961
-1.123970354,-2.29253961
-4.093610684,-2.284760588
-4.093610684,-2.284760588
-4.093610684,-2.284760588
-4.093610684,-2.284760588
-4.093610684,-2.284760588
-4.093610684,-2.284760588
-4.093610684,-2.284760588
-4.093610684,-2.284760588
-4.093610684,-2.284760588
-4.093610684,-2.284760588
0.716510507,-2.276358377
0.716510507,-2.276358377
0.716510507,-2.276358377
0.716510507,-2.276358377
0.716510507,-2.276358377
0.716510507,-2.276358377
0.716510507,-2.276358377
0.716510507,-2.276358377
0.716510507,-2.276358377
0.716510507,-2.276358377
4.591802281,-2.266199262
4.591802281,-2.266199262
4.591802281,-2.266199262
4.591802281,-2.266199262
4.591802281,-2.266199262
4.591802281,-2.266199262
4.591802281,-2.266199262
4.591802281,-2.266199262
4.591802281,-2.266199262
4.591802281,-2.266199262
-0.075693021,-2.223892902
-0.075693021,-2.223892902
-0.075693021,-2.223892902
-0.075693021,-2.223892902
-0.075693021,-2.223892902
-0.075693021,-2.223892902
-0.075693021,-2.223892902
-0.075693021,-2.223892902
-0.075693021,-2.223892902
-0.075693021,-2.223892902
5.167077665,-2.212999743
5.167077665,-2.212999743
5.167077665,-2.212999743
5.167077665,-2.212999743
5.167077665,-2.212999743
5.167077665,-2.212999743
5.167077665,-2.212999743
5.167077665,-2.212999743
5.167077665,-2.212999743
5.167077665,-2.212999743
-0.501802252,-2.212653218
-0.501802252,-2.212653218
-0.501802252,-2.212653218
-0.501802252,-2.212653218
-0.501802252,-2.212653218
-0.501802252,-2.212653218
-0.501802252,-2.212653218
-0.501802252,-2.212653218
-0.501802252,-2.212653218
-0.501802252,-2.212653218
-4.340692895,-2.210386558
-4.340692895,-2.210386558
-4.340692895,-2.210386558
-4.340692895,-2.210386558
-4.340692895,-2.210386558
-4.340692895,-2.210386558
-4.340692895,-2.210386558
-4.340692895,-2.210386558
-4.340692895,-2.210386558
-4.340692895,-2.210386558
-3.272718547,-2.185138015
-3.272718547,-2.185138015
-3.272718547,-2.185138015
-3.272718547,-2.185138015
-3.272718547,-2.185138015
-3.272718547,-2.185138015
-3.272718547,-2.185138015
-3.272718547,-2.185138015
-3.272718547,-2.185138015
-3.272718547,-2.185138015
-2.025274571,-2.178388256
-2.025274571,-2.178388256
-2.025274571,-2.178388256
-2.025274571,-2.178388256
-2.025274571,-2.178388256
-2.025274571,-2.178388256
-2.025274571,-2.178388256
-2.025274571,-2.178388256
-2.025274571,-2.178388256
-2.025274571,-2.178388256
-0.272384204,-2.162279694
-0.272384204,-2.162279694
-0.272384204,-2.162279694
-0.272384204,-2.162279694
-0.272384204,-2.162279694
-0.272384204,-2.162279694
-0.272384204,-2.162279694
-0.272384204,-2.162279694
-0.272384204,-2.162279694
-0.272384204,-2.162279694
0.574892935,-2.161490231
0.574892935,-2.161490231
0.574892935,-2.161490231
0.574892935,-2.161490231
0.574892935,-2.161490231
0.574892935,-2.161490231
0.574892935,-2.161490231
0.574892935,-2.161490231
0.574892935,-2.161490231
0.574892935,-2.161490231
1.850477185,-2.141524655
1.850477185,-2.141524655
1.850477185,-2.141524655
1.850477185,-2.141524655
1.850477185,-2.141524655
1.850477185,-2.141524655
1.850477185,-2.141524655
1.850477185,-2.141524655
1.850477185,-2.141524655
1.850477185,-2.141524655
2.335184263,-2.141313246
2.335184263,-2.141313246
2.335184263,-2.141313246
2.335184263,-2.141313246
2.335184263,-2.141313246
2.335184263,-2.141313246
2.335184263,-2.141313246
2.335184263,-2.141313246
2.335184263,-2.141313246
2.335184263,-2.141313246
4.488633905,-2.125376572
4.488633905,-2.125376572
4.488633905,-2.125376572
4.488633905,-2.125376572
4.488633905,-2.125376572
4.488633905,-2.125376572
4.488633905,-2.125376572
4.488633905,-2.125376572
4.488633905,-2.125376572
4.488633905,-2.125376572
0.92119299,-2.119600727
0.92119299,-2.119600727
0.92119299,-2.119600727
0.92119299,-2.119600727
0.92119299,-2.119600727
0.92119299,-2.119600727
0.92119299,-2.119600727
0.92119299,-2.119600727
0.92119299,-2.119600727
0.92119299,-2.119600727
-1.514578345,-2.115640336
-1.514578345,-2.115640336
-1.514578345,-2.115640336
-1.514578345,-2.115640336
-1.514578345,-2.115640336
-1.514578345,-2.115640336
-1.514578345,-2.115640336
-1.514578345,-2.115640336
-1.514578345,-2.115640336
-1.514578345,-2.115640336
1.862076619,-2.108420305
1.862076619,-2.108420305
1.862076619,-2.108420305
1.862076619,-2.108420305
1.862076619,-2.108420305
1.862076619,-2.108420305
1.862076619,-2.108420305
1.862076619,-2.108420305
1.862076619,-2.108420305
1.862076619,-2.108420305
12.31934815,-2.106395759
12.31934815,-2.106395759
12.31934815,-2.106395759
12.31934815,-2.106395759
12.31934815,-2.106395759
12.31934815,-2.106395759
12.31934815,-2.106395759
12.31934815,-2.106395759
12.31934815,-2.106395759
12.31934815,-2.106395759
4.472682854,-2.090633843
4.472682854,-2.090633843
4.472682854,-2.090633843
4.472682854,-2.090633843
4.472682854,-2.090633843
4.472682854,-2.090633843
4.472682854,-2.090633843
4.472682854,-2.090633843
4.472682854,-2.090633843
4.472682854,-2.090633843
5.829362988,-2.079620066
5.829362988,-2.079620066
5.829362988,-2.079620066
5.829362988,-2.079620066
5.829362988,-2.079620066
5.829362988,-2.079620066
5.829362988,-2.079620066
5.829362988,-2.079620066
5.829362988,-2.079620066
5.829362988,-2.079620066
0.558907394,-2.07159772
0.558907394,-2.07159772
0.558907394,-2.07159772
0.558907394,-2.07159772
0.558907394,-2.07159772
0.558907394,-2.07159772
0.558907394,-2.07159772
0.558907394,-2.07159772
0.558907394,-2.07159772
0.558907394,-2.07159772
-15.22676225,-2.071004656
-15.22676225,-2.071004656
-15.22676225,-2.071004656
-15.22676225,-2.071004656
-15.22676225,-2.071004656
-15.22676225,-2.071004656
-15.22676225,-2.071004656
-15.22676225,-2.071004656
-15.22676225,-2.071004656
-15.22676225,-2.071004656
35.15028257,-2.063761149
35.15028257,-2.063761149
35.15028257,-2.063761149
35.15028257,-2.063761149
35.15028257,-2.063761149
35.15028257,-2.063761149
35.15028257,-2.063761149
35.15028257,-2.063761149
35.15028257,-2.063761149
35.15028257,-2.063761149
10.49155743,-2.059880978
10.49155743,-2.059880978
10.49155743,-2.059880978
10.49155743,-2.059880978
10.49155743,-2.059880978
10.49155743,-2.059880978
10.49155743,-2.059880978
10.49155743,-2.059880978
10.49155743,-2.059880978
10.49155743,-2.059880978
1.679856288,-2.055398318
1.679856288,-2.055398318
1.679856288,-2.055398318
1.679856288,-2.055398318
1.679856288,-2.055398318
1.679856288,-2.055398318
1.679856288,-2.055398318
1.679856288,-2.055398318
1.679856288,-2.055398318
1.679856288,-2.055398318
-0.795254133,-2.05348698
-0.795254133,-2.05348698
-0.795254133,-2.05348698
-0.795254133,-2.05348698
-0.795254133,-2.05348698
-0.795254133,-2.05348698
-0.795254133,-2.05348698
-0.795254133,-2.05348698
-0.795254133,-2.05348698
-0.795254133,-2.05348698
-0.3697207,-2.053171932
-0.3697207,-2.053171932
-0.3697207,-2.053171932
-0.3697207,-2.053171932
-0.3697207,-2.053171932
-0.3697207,-2.053171932
-0.3697207,-2.053171932
-0.3697207,-2.053171932
-0.3697207,-2.053171932
-0.3697207,-2.053171932
4.354157663,-2.049423421
4.354157663,-2.049423421
4.354157663,-2.049423421
4.354157663,-2.049423421
4.354157663,-2.049423421
4.354157663,-2.049423421
4.354157663,-2.049423421
4.354157663,-2.049423421
4.354157663,-2.049423421
4.354157663,-2.049423421
-4.12458604,-2.016834452
-4.12458604,-2.016834452
-4.12458604,-2.016834452
-4.12458604,-2.016834452
-4.12458604,-2.016834452
-4.12458604,-2.016834452
-4.12458604,-2.016834452
-4.12458604,-2.016834452
-4.12458604,-2.016834452
-4.12458604,-2.016834452
3.665078383,-2.016358753
3.665078383,-2.016358753
3.665078383,-2.016358753
3.665078383,-2.016358753
3.665078383,-2.016358753
3.665078383,-2.016358753
3.665078383,-2.016358753
3.665078383,-2.016358753
3.665078383,-2.016358753
3.665078383,-2.016358753
0.638082823,-1.983994681
0.638082823,-1.983994681
0.638082823,-1.983994681
0.638082823,-1.983994681
0.638082823,-1.983994681
0.638082823,-1.983994681
0.638082823,-1.983994681
0.638082823,-1.983994681
0.638082823,-1.983994681
0.638082823,-1.983994681
2.383587935,-1.973000849
2.383587935,-1.973000849
2.383587935,-1.973000849
2.383587935,-1.973000849
2.383587935,-1.973000849
2.383587935,-1.973000849
2.383587935,-1.973000849
2.383587935,-1.973000849
2.383587935,-1.973000849
2.383587935,-1.973000849
4.926633324,-1.965598557
4.926633324,-1.965598557
4.926633324,-1.965598557
4.926633324,-1.965598557
4.926633324,-1.965598557
4.926633324,-1.965598557
4.926633324,-1.965598557
4.926633324,-1.965598557
4.926633324,-1.965598557
4.926633324,-1.965598557
-2.428828457,-1.96431298
-2.428828457,-1.96431298
-2.428828457,-1.96431298
-2.428828457,-1.96431298
-2.428828457,-1.96431298
-2.428828457,-1.96431298
-2.428828457,-1.96431298
-2.428828457,-1.96431298
-2.428828457,-1.96431298
-2.428828457,-1.96431298
8.702082011,-1.955510458
8.702082011,-1.955510458
8.702082011,-1.955510458
8.702082011,-1.955510458
8.702082011,-1.955510458
8.702082011,-1.955510458
8.702082011,-1.955510458
8.702082011,-1.955510458
8.702082011,-1.955510458
8.702082011,-1.955510458
3.743303199,-1.935975444
3.743303199,-1.935975444
3.743303199,-1.935975444
3.743303199,-1.935975444
3.743303199,-1.935975444
3.743303199,-1.935975444
3.743303199,-1.935975444
3.743303199,-1.935975444
3.743303199,-1.935975444
3.743303199,-1.935975444
6.532289493,-1.919834074
6.532289493,-1.919834074
6.532289493,-1.919834074
6.532289493,-1.919834074
6.532289493,-1.919834074
6.532289493,-1.919834074
6.532289493,-1.919834074
6.532289493,-1.919834074
6.532289493,-1.919834074
6.532289493,-1.919834074
1.476078458,-1.912275469
1.476078458,-1.912275469
1.476078458,-1.912275469
1.476078458,-1.912275469
1.476078458,-1.912275469
1.476078458,-1.912275469
1.476078458,-1.912275469
1.476078458,-1.912275469
1.476078458,-1.912275469
1.476078458,-1.912275469
0.485718537,-1.89572772
0.485718537,-1.89572772
0.485718537,-1.89572772
0.485718537,-1.89572772
0.485718537,-1.89572772
0.485718537,-1.89572772
0.485718537,-1.89572772
0.485718537,-1.89572772
0.485718537,-1.89572772
0.485718537,-1.89572772
2.812554787,-1.877274043
2.812554787,-1.877274043
2.812554787,-1.877274043
2.812554787,-1.877274043
2.812554787,-1.877274043
2.812554787,-1.877274043
2.812554787,-1.877274043
2.812554787,-1.877274043
2.812554787,-1.877274043
2.812554787,-1.877274043
5.855305595,-1.8764997
5.855305595,-1.8764997
5.855305595,-1.8764997
5.855305595,-1.8764997
5.855305595,-1.8764997
5.855305595,-1.8764997
5.855305595,-1.8764997
5.855305595,-1.8764997
5.855305595,-1.8764997
5.855305595,-1.8764997
-1.633132461,-1.867520881
-1.633132461,-1.867520881
-1.633132461,-1.867520881
-1.633132461,-1.867520881
-1.633132461,-1.867520881
-1.633132461,-1.867520881
-1.633132461,-1.867520881
-1.633132461,-1.867520881
-1.633132461,-1.867520881
-1.633132461,-1.867520881
2.758723479,-1.844398447
2.758723479,-1.844398447
2.758723479,-1.844398447
2.758723479,-1.844398447
2.758723479,-1.844398447
2.758723479,-1.844398447
2.758723479,-1.844398447
2.758723479,-1.844398447
2.758723479,-1.844398447
2.758723479,-1.844398447
-1.410910386,-1.836420169
-1.410910386,-1.836420169
-1.410910386,-1.836420169
-1.410910386,-1.836420169
-1.410910386,-1.836420169
-1.410910386,-1.836420169
-1.410910386,-1.836420169
-1.410910386,-1.836420169
-1.410910386,-1.836420169
-1.410910386,-1.836420169
-0.314327298,-1.782997151
-0.314327298,-1.782997151
-0.314327298,-1.782997151
-0.314327298,-1.782997151
-0.314327298,-1.782997151
-0.314327298,-1.782997151
-0.314327298,-1.782997151
-0.314327298,-1.782997151
-0.314327298,-1.782997151
-0.314327298,-1.782997151
3.228781942,-1.782486199
3.228781942,-1.782486199
3.228781942,-1.782486199
3.228781942,-1.782486199
3.228781942,-1.782486199
3.228781942,-1.782486199
3.228781942,-1.782486199
3.228781942,-1.782486199
3.228781942,-1.782486199
3.228781942,-1.782486199
-2.646820099,-1.689901118
-2.646820099,-1.689901118
-2.646820099,-1.689901118
-2.646820099,-1.689901118
-2.646820099,-1.689901118
-2.646820099,-1.689901118
-2.646820099,-1.689901118
-2.646820099,-1.689901118
-2.646820099,-1.689901118
-2.646820099,-1.689901118
0.030655731,-1.686227206
0.030655731,-1.686227206
0.030655731,-1.686227206
0.030655731,-1.686227206
0.030655731,-1.686227206
0.030655731,-1.686227206
0.030655731,-1.686227206
0.030655731,-1.686227206
0.030655731,-1.686227206
0.030655731,-1.686227206
-5.851181293,-1.67463108
-5.851181293,-1.67463108
-5.851181293,-1.67463108
-5.851181293,-1.67463108
-5.851181293,-1.67463108
-5.851181293,-1.67463108
-5.851181293,-1.67463108
-5.851181293,-1.67463108
-5.851181293,-1.67463108
-5.851181293,-1.67463108
0.109334636,-1.666505297
0.109334636,-1.666505297
0.109334636,-1.666505297
0.109334636,-1.666505297
0.109334636,-1.666505297
0.109334636,-1.666505297
0.109334636,-1.666505297
0.109334636,-1.666505297
0.109334636,-1.666505297
0.109334636,-1.666505297
-2.812624401,-1.660887664
-2.812624401,-1.660887664
-2.812624401,-1.660887664
-2.812624401,-1.660887664
-2.812624401,-1.660887664
-2.812624401,-1.660887664
-2.812624401,-1.660887664
-2.812624401,-1.660887664
-2.812624401,-1.660887664
-2.812624401,-1.660887664
4.089622475,-1.637651783
4.089622475,-1.637651783
4.089622475,-1.637651783
4.089622475,-1.637651783
4.089622475,-1.637651783
4.089622475,-1.637651783
4.089622475,-1.637651783
4.089622475,-1.637651783
4.089622475,-1.637651783
4.089622475,-1.637651783
-0.667280331,-1.635363177
-0.667280331,-1.635363177
-0.667280331,-1.635363177
-0.667280331,-1.635363177
-0.667280331,-1.635363177
-0.667280331,-1.635363177
-0.667280331,-1.635363177
-0.667280331,-1.635363177
-0.667280331,-1.635363177
-0.667280331,-1.635363177
-1.244320605,-1.634536472
-1.244320605,-1.634536472
-1.244320605,-1.634536472
-1.244320605,-1.634536472
-1.244320605,-1.634536472
-1.244320605,-1.634536472
-1.244320605,-1.634536472
-1.244320605,-1.634536472
-1.244320605,-1.634536472
-1.244320605,-1.634536472
-6.935490668,-1.6322564
-6.935490668,-1.6322564
-6.935490668,-1.6322564
-6.935490668,-1.6322564
-6.935490668,-1.6322564
-6.935490668,-1.6322564
-6.935490668,-1.6322564
-6.935490668,-1.6322564
-6.935490668,-1.6322564
-6.935490668,-1.6322564
-1.969618764,-1.625958311
-1.969618764,-1.625958311
-1.969618764,-1.625958311
-1.969618764,-1.625958311
-1.969618764,-1.625958311
-1.969618764,-1.625958311
-1.969618764,-1.625958311
-1.969618764,-1.625958311
-1.969618764,-1.625958311
-1.969618764,-1.625958311
-1.519308863,-1.600793785
-1.519308863,-1.600793785
-1.519308863,-1.600793785
-1.519308863,-1.600793785
-1.519308863,-1.600793785
-1.519308863,-1.600793785
-1.519308863,-1.600793785
-1.519308863,-1.600793785
-1.519308863,-1.600793785
-1.519308863,-1.600793785
3.393411274,-1.598253665
3.393411274,-1.598253665
3.393411274,-1.598253665
3.393411274,-1.598253665
3.393411274,-1.598253665
3.393411274,-1.598253665
3.393411274,-1.598253665
3.393411274,-1.598253665
3.393411274,-1.598253665
3.393411274,-1.598253665
-3.141777134,-1.575308748
-3.141777134,-1.575308748
-3.141777134,-1.575308748
-3.141777134,-1.575308748
-3.141777134,-1.575308748
-3.141777134,-1.575308748
-3.141777134,-1.575308748
-3.141777134,-1.575308748
-3.141777134,-1.575308748
-3.141777134,-1.575308748
2.595087961,-1.564048482
2.595087961,-1.564048482
2.595087961,-1.564048482
2.595087961,-1.564048482
2.595087961,-1.564048482
2.595087961,-1.564048482
2.595087961,-1.564048482
2.595087961,-1.564048482
2.595087961,-1.564048482
2.595087961,-1.564048482
-2.880830239,-1.56237796
-2.880830239,-1.56237796
-2.880830239,-1.56237796
-2.880830239,-1.56237796
-2.880830239,-1.56237796
-2.880830239,-1.56237796
-2.880830239,-1.56237796
-2.880830239,-1.56237796
-2.880830239,-1.56237796
-2.880830239,-1.56237796
1.008935146,-1.554781419
1.008935146,-1.554781419
1.008935146,-1.554781419
1.008935146,-1.554781419
1.008935146,-1.554781419
1.008935146,-1.554781419
1.008935146,-1.554781419
1.008935146,-1.554781419
1.008935146,-1.554781419
1.008935146,-1.554781419
-1.528624693,-1.500636704
-1.528624693,-1.500636704
-1.528624693,-1.500636704
-1.528624693,-1.500636704
-1.528624693,-1.500636704
-1.528624693,-1.500636704
-1.528624693,-1.500636704
-1.528624693,-1.500636704
-1.528624693,-1.500636704
-1.528624693,-1.500636704
-0.839633644,-1.50000551
-0.839633644,-1.50000551
-0.839633644,-1.50000551
-0.839633644,-1.50000551
-0.839633644,-1.50000551
-0.839633644,-1.50000551
-0.839633644,-1.50000551
-0.839633644,-1.50000551
-0.839633644,-1.50000551
-0.839633644,-1.50000551
-0.502470433,-1.462105462
-0.502470433,-1.462105462
-0.502470433,-1.462105462
-0.502470433,-1.462105462
-0.502470433,-1.462105462
-0.502470433,-1.462105462
-0.502470433,-1.462105462
-0.502470433,-1.462105462
-0.502470433,-1.462105462
-0.502470433,-1.462105462
1.148305684,-1.458314238
1.148305684,-1.458314238
1.148305684,-1.458314238
1.148305684,-1.458314238
1.148305684,-1.458314238
1.148305684,-1.458314238
1.148305684,-1.458314238
1.148305684,-1.458314238
1.148305684,-1.458314238
1.148305684,-1.458314238
-5.213266413,-1.450898977
-5.213266413,-1.450898977
-5.213266413,-1.450898977
-5.213266413,-1.450898977
-5.213266413,-1.450898977
-5.213266413,-1.450898977
-5.213266413,-1.450898977
-5.213266413,-1.450898977
-5.213266413,-1.450898977
-5.213266413,-1.450898977
0.413220088,-1.444061639
0.413220088,-1.444061639
0.413220088,-1.444061639
0.413220088,-1.444061639
0.413220088,-1.444061639
0.413220088,-1.444061639
0.413220088,-1.444061639
0.413220088,-1.444061639
0.413220088,-1.444061639
0.413220088,-1.444061639
-0.096526598,-1.42270103
-0.096526598,-1.42270103
-0.096526598,-1.42270103
-0.096526598,-1.42270103
-0.096526598,-1.42270103
-0.096526598,-1.42270103
-0.096526598,-1.42270103
-0.096526598,-1.42270103
-0.096526598,-1.42270103
-0.096526598,-1.42270103
6.396064372,-1.422337288
6.396064372,-1.422337288
6.396064372,-1.422337288
6.396064372,-1.422337288
6.396064372,-1.422337288
6.396064372,-1.422337288
6.396064372,-1.422337288
6.396064372,-1.422337288
6.396064372,-1.422337288
6.396064372,-1.422337288
1.920746667,-1.414419979
1.920746667,-1.414419979
1.920746667,-1.414419979
1.920746667,-1.414419979
1.920746667,-1.414419979
1.920746667,-1.414419979
1.920746667,-1.414419979
1.920746667,-1.414419979
1.920746667,-1.414419979
1.920746667,-1.414419979
6.292120404,-1.410279149
6.292120404,-1.410279149
6.292120404,-1.410279149
6.292120404,-1.410279149
6.292120404,-1.410279149
6.292120404,-1.410279149
6.292120404,-1.410279149
6.292120404,-1.410279149
6.292120404,-1.410279149
6.292120404,-1.410279149
3.423418878,-1.384772752
3.423418878,-1.384772752
3.423418878,-1.384772752
3.423418878,-1.384772752
3.423418878,-1.384772752
3.423418878,-1.384772752
3.423418878,-1.384772752
3.423418878,-1.384772752
3.423418878,-1.384772752
3.423418878,-1.384772752
4.593516962,-1.38159243
4.593516962,-1.38159243
4.593516962,-1.38159243
4.593516962,-1.38159243
4.593516962,-1.38159243
4.593516962,-1.38159243
4.593516962,-1.38159243
4.593516962,-1.38159243
4.593516962,-1.38159243
4.593516962,-1.38159243
-1.234928876,-1.32978298
-1.234928876,-1.32978298
-1.234928876,-1.32978298
-1.234928876,-1.32978298
-1.234928876,-1.32978298
-1.234928876,-1.32978298
-1.234928876,-1.32978298
-1.234928876,-1.32978298
-1.234928876,-1.32978298
-1.234928876,-1.32978298
-4.080491136,-1.327252544
-4.080491136,-1.327252544
-4.080491136,-1.327252544
-4.080491136,-1.327252544
-4.080491136,-1.327252544
-4.080491136,-1.327252544
-4.080491136,-1.327252544
-4.080491136,-1.327252544
-4.080491136,-1.327252544
-4.080491136,-1.327252544
-0.186721953,-1.312420475
-0.186721953,-1.312420475
-0.186721953,-1.312420475
-0.186721953,-1.312420475
-0.186721953,-1.312420475
-0.186721953,-1.312420475
-0.186721953,-1.312420475
-0.186721953,-1.312420475
-0.186721953,-1.312420475
-0.186721953,-1.312420475
3.734884933,-1.303468159
3.734884933,-1.303468159
3.734884933,-1.303468159
3.734884933,-1.303468159
3.734884933,-1.303468159
3.734884933,-1.303468159
3.734884933,-1.303468159
3.734884933,-1.303468159
3.734884933,-1.303468159
3.734884933,-1.303468159
3.274102668,-1.295585584
3.274102668,-1.295585584
3.274102668,-1.295585584
3.274102668,-1.295585584
3.274102668,-1.295585584
3.274102668,-1.295585584
3.274102668,-1.295585584
3.274102668,-1.295585584
3.274102668,-1.295585584
3.274102668,-1.295585584
2.428673324,-1.284350824
2.428673324,-1.284350824
2.428673324,-1.284350824
2.428673324,-1.284350824
2.428673324,-1.284350824
2.428673324,-1.284350824
2.428673324,-1.284350824
2.428673324,-1.284350824
2.428673324,-1.284350824
2.428673324,-1.284350824
2.992053378,-1.282747285
2.992053378,-1.282747285
2.992053378,-1.282747285
2.992053378,-1.282747285
2.992053378,-1.282747285
2.992053378,-1.282747285
2.992053378,-1.282747285
2.992053378,-1.282747285
2.992053378,-1.282747285
2.992053378,-1.282747285
4.14115672,-1.280378574
4.14115672,-1.280378574
4.14115672,-1.280378574
4.14115672,-1.280378574
4.14115672,-1.280378574
4.14115672,-1.280378574
4.14115672,-1.280378574
4.14115672,-1.280378574
4.14115672,-1.280378574
4.14115672,-1.280378574
4.479881548,-1.276816937
4.479881548,-1.276816937
4.479881548,-1.276816937
4.479881548,-1.276816937
4.479881548,-1.276816937
4.479881548,-1.276816937
4.479881548,-1.276816937
4.479881548,-1.276816937
4.479881548,-1.276816937
4.479881548,-1.276816937
-2.527904882,-1.27469295
-2.527904882,-1.27469295
-2.527904882,-1.27469295
-2.527904882,-1.27469295
-2.527904882,-1.27469295
-2.527904882,-1.27469295
-2.527904882,-1.27469295
-2.527904882,-1.27469295
-2.527904882,-1.27469295
-2.527904882,-1.27469295
-1.431339558,-1.263315547
-1.431339558,-1.263315547
-1.431339558,-1.263315547
-1.431339558,-1.263315547
-1.431339558,-1.263315547
-1.431339558,-1.263315547
-1.431339558,-1.263315547
-1.431339558,-1.263315547
-1.431339558,-1.263315547
-1.431339558,-1.263315547
1.692940987,-1.2593927
1.692940987,-1.2593927
1.692940987,-1.2593927
1.692940987,-1.2593927
1.692940987,-1.2593927
1.692940987,-1.2593927
1.692940987,-1.2593927
1.692940987,-1.2593927
1.692940987,-1.2593927
1.692940987,-1.2593927
0.337429941,-1.256681389
0.337429941,-1.256681389
0.337429941,-1.256681389
0.337429941,-1.256681389
0.337429941,-1.256681389
0.337429941,-1.256681389
0.337429941,-1.256681389
0.337429941,-1.256681389
0.337429941,-1.256681389
0.337429941,-1.256681389
7.002639242,-1.23868596
7.002639242,-1.23868596
7.002639242,-1.23868596
7.002639242,-1.23868596
7.002639242,-1.23868596
7.002639242,-1.23868596
7.002639242,-1.23868596
7.002639242,-1.23868596
7.002639242,-1.23868596
7.002639242,-1.23868596
6.07521779,-1.237335426
6.07521779,-1.237335426
6.07521779,-1.237335426
6.07521779,-1.237335426
6.07521779,-1.237335426
6.07521779,-1.237335426
6.07521779,-1.237335426
6.07521779,-1.237335426
6.07521779,-1.237335426
6.07521779,-1.237335426
-0.964404068,-1.230478694
-0.964404068,-1.230478694
-0.964404068,-1.230478694
-0.964404068,-1.230478694
-0.964404068,-1.230478694
-0.964404068,-1.230478694
-0.964404068,-1.230478694
-0.964404068,-1.230478694
-0.964404068,-1.230478694
-0.964404068,-1.230478694
0.414886275,-1.222404283
0.414886275,-1.222404283
0.414886275,-1.222404283
0.414886275,-1.222404283
0.414886275,-1.222404283
0.414886275,-1.222404283
0.414886275,-1.222404283
0.414886275,-1.222404283
0.414886275,-1.222404283
0.414886275,-1.222404283
-11.86041865,-1.220370106
-11.86041865,-1.220370106
-11.86041865,-1.220370106
-11.86041865,-1.220370106
-11.86041865,-1.220370106
-11.86041865,-1.220370106
-11.86041865,-1.220370106
-11.86041865,-1.220370106
-11.86041865,-1.220370106
-11.86041865,-1.220370106
2.54745633,-1.211399487
2.54745633,-1.211399487
2.54745633,-1.211399487
2.54745633,-1.211399487
2.54745633,-1.211399487
2.54745633,-1.211399487
2.54745633,-1.211399487
2.54745633,-1.211399487
2.54745633,-1.211399487
2.54745633,-1.211399487
3.104647743,-1.20922225
3.104647743,-1.20922225
3.104647743,-1.20922225
3.104647743,-1.20922225
3.104647743,-1.20922225
3.104647743,-1.20922225
3.104647743,-1.20922225
3.104647743,-1.20922225
3.104647743,-1.20922225
3.104647743,-1.20922225
5.175689832,-1.204132048
5.175689832,-1.204132048
5.175689832,-1.204132048
5.175689832,-1.204132048
5.175689832,-1.204132048
5.175689832,-1.204132048
5.175689832,-1.204132048
5.175689832,-1.204132048
5.175689832,-1.204132048
5.175689832,-1.204132048
-1.383111818,-1.196289035
-1.383111818,-1.196289035
-1.383111818,-1.196289035
-1.383111818,-1.196289035
-1.383111818,-1.196289035
-1.383111818,-1.196289035
-1.383111818,-1.196289035
-1.383111818,-1.196289035
-1.383111818,-1.196289035
-1.383111818,-1.196289035
1.638375215,-1.1812374
1.638375215,-1.1812374
1.638375215,-1.1812374
1.638375215,-1.1812374
1.638375215,-1.1812374
1.638375215,-1.1812374
1.638375215,-1.1812374
1.638375215,-1.1812374
1.638375215,-1.1812374
1.638375215,-1.1812374
-14.71644209,-1.178826985
-14.71644209,-1.178826985
-14.71644209,-1.178826985
-14.71644209,-1.178826985
-14.71644209,-1.178826985
-14.71644209,-1.178826985
-14.71644209,-1.178826985
-14.71644209,-1.178826985
-14.71644209,-1.178826985
-14.71644209,-1.178826985
-6.092096817,-1.176186672
-6.092096817,-1.176186672
-6.092096817,-1.176186672
-6.092096817,-1.176186672
-6.092096817,-1.176186672
-6.092096817,-1.176186672
-6.092096817,-1.176186672
-6.092096817,-1.176186672
-6.092096817,-1.176186672
-6.092096817,-1.176186672
3.740005015,-1.169564655
3.740005015,-1.169564655
3.740005015,-1.169564655
3.740005015,-1.169564655
3.740005015,-1.169564655
3.740005015,-1.169564655
3.740005015,-1.169564655
3.740005015,-1.169564655
3.740005015,-1.169564655
3.740005015,-1.169564655
2.11363485,-1.16224155
2.11363485,-1.16224155
2.11363485,-1.16224155
2.11363485,-1.16224155
2.11363485,-1.16224155
2.11363485,-1.16224155
2.11363485,-1.16224155
2.11363485,-1.16224155
2.11363485,-1.16224155
2.11363485,-1.16224155
-4.014505889,-1.161316458
-4.014505889,-1.161316458
-4.014505889,-1.161316458
-4.014505889,-1.161316458
-4.014505889,-1.161316458
-4.014505889,-1.161316458
-4.014505889,-1.161316458
-4.014505889,-1.161316458
-4.014505889,-1.161316458
-4.014505889,-1.161316458
1.654638712,-1.157489898
1.654638712,-1.157489898
1.654638712,-1.157489898
1.654638712,-1.157489898
1.654638712,-1.157489898
1.654638712,-1.157489898
1.654638712,-1.157489898
1.654638712,-1.157489898
1.654638712,-1.157489898
1.654638712,-1.157489898
1.819062634,-1.14372129
1.819062634,-1.14372129
1.819062634,-1.14372129
1.819062634,-1.14372129
1.819062634,-1.14372129
1.819062634,-1.14372129
1.819062634,-1.14372129
1.819062634,-1.14372129
1.819062634,-1.14372129
1.819062634,-1.14372129
3.529663181,-1.138639406
3.529663181,-1.138639406
3.529663181,-1.138639406
3.529663181,-1.138639406
3.529663181,-1.138639406
3.529663181,-1.138639406
3.529663181,-1.138639406
3.529663181,-1.138639406
3.529663181,-1.138639406
3.529663181,-1.138639406
-4.329371681,-1.136657343
-4.329371681,-1.136657343
-4.329371681,-1.136657343
-4.329371681,-1.136657343
-4.329371681,-1.136657343
-4.329371681,-1.136657343
-4.329371681,-1.136657343
-4.329371681,-1.136657343
-4.329371681,-1.136657343
-4.329371681,-1.136657343
0.799346698,-1.125170647
0.799346698,-1.125170647
0.799346698,-1.125170647
0.799346698,-1.125170647
0.799346698,-1.125170647
0.799346698,-1.125170647
0.799346698,-1.125170647
0.799346698,-1.125170647
0.799346698,-1.125170647
0.799346698,-1.125170647
5.791160205,-1.086371001
5.791160205,-1.086371001
5.791160205,-1.086371001
5.791160205,-1.086371001
5.791160205,-1.086371001
5.791160205,-1.086371001
5.791160205,-1.086371001
5.791160205,-1.086371001
5.791160205,-1.086371001
5.791160205,-1.086371001
1.38233607,-1.076445942
1.38233607,-1.076445942
1.38233607,-1.076445942
1.38233607,-1.076445942
1.38233607,-1.076445942
1.38233607,-1.076445942
1.38233607,-1.076445942
1.38233607,-1.076445942
1.38233607,-1.076445942
1.38233607,-1.076445942
-3.723015933,-1.070484284
-3.723015933,-1.070484284
-3.723015933,-1.070484284
-3.723015933,-1.070484284
-3.723015933,-1.070484284
-3.723015933,-1.070484284
-3.723015933,-1.070484284
-3.723015933,-1.070484284
-3.723015933,-1.070484284
-3.723015933,-1.070484284
4.753567357,-1.067057264
4.753567357,-1.067057264
4.753567357,-1.067057264
4.753567357,-1.067057264
4.753567357,-1.067057264
4.753567357,-1.067057264
4.753567357,-1.067057264
4.753567357,-1.067057264
4.753567357,-1.067057264
4.753567357,-1.067057264
4.909610578,-1.05602615
4.909610578,-1.05602615
4.909610578,-1.05602615
4.909610578,-1.05602615
4.909610578,-1.05602615
4.909610578,-1.05602615
4.909610578,-1.05602615
4.909610578,-1.05602615
4.909610578,-1.05602615
4.909610578,-1.05602615
1.150859066,-1.045199033
1.150859066,-1.045199033
1.150859066,-1.045199033
1.150859066,-1.045199033
1.150859066,-1.045199033
1.150859066,-1.045199033
1.150859066,-1.045199033
1.150859066,-1.045199033
1.150859066,-1.045199033
1.150859066,-1.045199033
3.176118564,-1.0343166
3.176118564,-1.0343166
3.176118564,-1.0343166
3.176118564,-1.0343166
3.176118564,-1.0343166
3.176118564,-1.0343166
3.176118564,-1.0343166
3.176118564,-1.0343166
3.176118564,-1.0343166
3.176118564,-1.0343166
2.640873855,-1.029894461
2.640873855,-1.029894461
2.640873855,-1.029894461
2.640873855,-1.029894461
2.640873855,-1.029894461
2.640873855,-1.029894461
2.640873855,-1.029894461
2.640873855,-1.029894461
2.640873855,-1.029894461
2.640873855,-1.029894461
-0.193405324,-1.020804242
-0.193405324,-1.020804242
-0.193405324,-1.020804242
-0.193405324,-1.020804242
-0.193405324,-1.020804242
-0.193405324,-1.020804242
-0.193405324,-1.020804242
-0.193405324,-1.020804242
-0.193405324,-1.020804242
-0.193405324,-1.020804242
-6.458048733,-1.014575419
-6.458048733,-1.014575419
-6.458048733,-1.014575419
-6.458048733,-1.014575419
-6.458048733,-1.014575419
-6.458048733,-1.014575419
-6.458048733,-1.014575419
-6.458048733,-1.014575419
-6.458048733,-1.014575419
-6.458048733,-1.014575419
1.282052339,-1.011554659
1.282052339,-1.011554659
1.282052339,-1.011554659
1.282052339,-1.011554659
1.282052339,-1.011554659
1.282052339,-1.011554659
1.282052339,-1.011554659
1.282052339,-1.011554659
1.282052339,-1.011554659
1.282052339,-1.011554659
-3.936207427,-0.997528018
-3.936207427,-0.997528018
-3.936207427,-0.997528018
-3.936207427,-0.997528018
-3.936207427,-0.997528018
-3.936207427,-0.997528018
-3.936207427,-0.997528018
-3.936207427,-0.997528018
-3.936207427,-0.997528018
-3.936207427,-0.997528018
1.214016761,-0.995048469
1.214016761,-0.995048469
1.214016761,-0.995048469
1.214016761,-0.995048469
1.214016761,-0.995048469
1.214016761,-0.995048469
1.214016761,-0.995048469
1.214016761,-0.995048469
1.214016761,-0.995048469
1.214016761,-0.995048469
0.789170234,-0.993462497
0.789170234,-0.993462497
0.789170234,-0.993462497
0.789170234,-0.993462497
0.789170234,-0.993462497
0.789170234,-0.993462497
0.789170234,-0.993462497
0.789170234,-0.993462497
0.789170234,-0.993462497
0.789170234,-0.993462497
0.871110044,-0.984521361
0.871110044,-0.984521361
0.871110044,-0.984521361
0.871110044,-0.984521361
0.871110044,-0.984521361
0.871110044,-0.984521361
0.871110044,-0.984521361
0.871110044,-0.984521361
0.871110044,-0.984521361
0.871110044,-0.984521361
-2.654262827,-0.982983607
-2.654262827,-0.982983607
-2.654262827,-0.982983607
-2.654262827,-0.982983607
-2.654262827,-0.982983607
-2.654262827,-0.982983607
-2.654262827,-0.982983607
-2.654262827,-0.982983607
-2.654262827,-0.982983607
-2.654262827,-0.982983607
-1.672801306,-0.976405728
-1.672801306,-0.976405728
-1.672801306,-0.976405728
-1.672801306,-0.976405728
-1.672801306,-0.976405728
-1.672801306,-0.976405728
-1.672801306,-0.976405728
-1.672801306,-0.976405728
-1.672801306,-0.976405728
-1.672801306,-0.976405728
2.298884934,-0.96942419
2.298884934,-0.96942419
2.298884934,-0.96942419
2.298884934,-0.96942419
2.298884934,-0.96942419
2.298884934,-0.96942419
2.298884934,-0.96942419
2.298884934,-0.96942419
2.298884934,-0.96942419
2.298884934,-0.96942419
2.190462795,-0.965818813
2.190462795,-0.965818813
2.190462795,-0.965818813
2.190462795,-0.965818813
2.190462795,-0.965818813
2.190462795,-0.965818813
2.190462795,-0.965818813
2.190462795,-0.965818813
2.190462795,-0.965818813
2.190462795,-0.965818813
2.191656112,-0.963790818
2.191656112,-0.963790818
2.191656112,-0.963790818
2.191656112,-0.963790818
2.191656112,-0.963790818
2.191656112,-0.963790818
2.191656112,-0.963790818
2.191656112,-0.963790818
2.191656112,-0.963790818
2.191656112,-0.963790818
-3.226356567,-0.960101841
-3.226356567,-0.960101841
-3.226356567,-0.960101841
-3.226356567,-0.960101841
-3.226356567,-0.960101841
-3.226356567,-0.960101841
-3.226356567,-0.960101841
-3.226356567,-0.960101841
-3.226356567,-0.960101841
-3.226356567,-0.960101841
0.565005878,-0.959861425
0.565005878,-0.959861425
0.565005878,-0.959861425
0.565005878,-0.959861425
0.565005878,-0.959861425
0.565005878,-0.959861425
0.565005878,-0.959861425
0.565005878,-0.959861425
0.565005878,-0.959861425
0.565005878,-0.959861425
1.720269382,-0.959784299
1.720269382,-0.959784299
1.720269382,-0.959784299
1.720269382,-0.959784299
1.720269382,-0.959784299
1.720269382,-0.959784299
1.720269382,-0.959784299
1.720269382,-0.959784299
1.720269382,-0.959784299
1.720269382,-0.959784299
-2.222730354,-0.959396779
-2.222730354,-0.959396779
-2.222730354,-0.959396779
-2.222730354,-0.959396779
-2.222730354,-0.959396779
-2.222730354,-0.959396779
-2.222730354,-0.959396779
-2.222730354,-0.959396779
-2.222730354,-0.959396779
-2.222730354,-0.959396779
-4.498841013,-0.957965065
-4.498841013,-0.957965065
-4.498841013,-0.957965065
-4.498841013,-0.957965065
-4.498841013,-0.957965065
-4.498841013,-0.957965065
-4.498841013,-0.957965065
-4.498841013,-0.957965065
-4.498841013,-0.957965065
-4.498841013,-0.957965065
-0.300894873,-0.956623274
-0.300894873,-0.956623274
-0.300894873,-0.956623274
-0.300894873,-0.956623274
-0.300894873,-0.956623274
-0.300894873,-0.956623274
-0.300894873,-0.956623274
-0.300894873,-0.956623274
-0.300894873,-0.956623274
-0.300894873,-0.956623274
-3.605603338,-0.949865365
-3.605603338,-0.949865365
-3.605603338,-0.949865365
-3.605603338,-0.949865365
-3.605603338,-0.949865365
-3.605603338,-0.949865365
-3.605603338,-0.949865365
-3.605603338,-0.949865365
-3.605603338,-0.949865365
-3.605603338,-0.949865365
-1.892626276,-0.949379869
-1.892626276,-0.949379869
-1.892626276,-0.949379869
-1.892626276,-0.949379869
-1.892626276,-0.949379869
-1.892626276,-0.949379869
-1.892626276,-0.949379869
-1.892626276,-0.949379869
-1.892626276,-0.949379869
-1.892626276,-0.949379869
-1.289599189,-0.934234381
-1.289599189,-0.934234381
-1.289599189,-0.934234381
-1.289599189,-0.934234381
-1.289599189,-0.934234381
-1.289599189,-0.934234381
-1.289599189,-0.934234381
-1.289599189,-0.934234381
-1.289599189,-0.934234381
-1.289599189,-0.934234381
2.024212442,-0.933487775
2.024212442,-0.933487775
2.024212442,-0.933487775
2.024212442,-0.933487775
2.024212442,-0.933487775
2.024212442,-0.933487775
2.024212442,-0.933487775
2.024212442,-0.933487775
2.024212442,-0.933487775
2.024212442,-0.933487775
-0.552777126,-0.933235905
-0.552777126,-0.933235905
-0.552777126,-0.933235905
-0.552777126,-0.933235905
-0.552777126,-0.933235905
-0.552777126,-0.933235905
-0.552777126,-0.933235905
-0.552777126,-0.933235905
-0.552777126,-0.933235905
-0.552777126,-0.933235905
-2.615389506,-0.930451808
-2.615389506,-0.930451808
-2.615389506,-0.930451808
-2.615389506,-0.930451808
-2.615389506,-0.930451808
-2.615389506,-0.930451808
-2.615389506,-0.930451808
-2.615389506,-0.930451808
-2.615389506,-0.930451808
-2.615389506,-0.930451808
5.168888,-0.928219578
5.168888,-0.928219578
5.168888,-0.928219578
5.168888,-0.928219578
5.168888,-0.928219578
5.168888,-0.928219578
5.168888,-0.928219578
5.168888,-0.928219578
5.168888,-0.928219578
5.089130334,-0.924633701
5.089130334,-0.924633701
5.089130334,-0.924633701
5.089130334,-0.924633701
5.089130334,-0.924633701
5.089130334,-0.924633701
5.089130334,-0.924633701
5.089130334,-0.924633701
5.089130334,-0.924633701
5.089130334,-0.924633701
5.627933396,-0.921353676
5.627933396,-0.921353676
5.627933396,-0.921353676
5.627933396,-0.921353676
5.627933396,-0.921353676
5.627933396,-0.921353676
5.627933396,-0.921353676
5.627933396,-0.921353676
5.627933396,-0.921353676
5.627933396,-0.921353676
1.846472188,-0.91080901
1.846472188,-0.91080901
1.846472188,-0.91080901
1.846472188,-0.91080901
1.846472188,-0.91080901
1.846472188,-0.91080901
1.846472188,-0.91080901
1.846472188,-0.91080901
1.846472188,-0.91080901
1.846472188,-0.91080901
1.272949205,-0.908143775
1.272949205,-0.908143775
1.272949205,-0.908143775
1.272949205,-0.908143775
1.272949205,-0.908143775
1.272949205,-0.908143775
1.272949205,-0.908143775
1.272949205,-0.908143775
1.272949205,-0.908143775
1.272949205,-0.908143775
-0.374223734,-0.906985013
-0.374223734,-0.906985013
-0.374223734,-0.906985013
-0.374223734,-0.906985013
-0.374223734,-0.906985013
-0.374223734,-0.906985013
-0.374223734,-0.906985013
-0.374223734,-0.906985013
-0.374223734,-0.906985013
-0.374223734,-0.906985013
1.149925798,-0.902747695
1.149925798,-0.902747695
1.149925798,-0.902747695
1.149925798,-0.902747695
1.149925798,-0.902747695
1.149925798,-0.902747695
1.149925798,-0.902747695
1.149925798,-0.902747695
1.149925798,-0.902747695
1.149925798,-0.902747695
-2.846164022,-0.899001137
-2.846164022,-0.899001137
-2.846164022,-0.899001137
-2.846164022,-0.899001137
-2.846164022,-0.899001137
-2.846164022,-0.899001137
-2.846164022,-0.899001137
-2.846164022,-0.899001137
-2.846164022,-0.899001137
-2.846164022,-0.899001137
0.653166877,-0.892874858
0.653166877,-0.892874858
0.653166877,-0.892874858
0.653166877,-0.892874858
0.653166877,-0.892874858
0.653166877,-0.892874858
0.653166877,-0.892874858
0.653166877,-0.892874858
0.653166877,-0.892874858
0.653166877,-0.892874858
-4.817239404,-0.887057774
-4.817239404,-0.887057774
-4.817239404,-0.887057774
-4.817239404,-0.887057774
-4.817239404,-0.887057774
-4.817239404,-0.887057774
-4.817239404,-0.887057774
-4.817239404,-0.887057774
-4.817239404,-0.887057774
-4.817239404,-0.887057774
-8.117137821,-0.880004901
-8.117137821,-0.880004901
-8.117137821,-0.880004901
-8.117137821,-0.880004901
-8.117137821,-0.880004901
-8.117137821,-0.880004901
-8.117137821,-0.880004901
-8.117137821,-0.880004901
-8.117137821,-0.880004901
-8.117137821,-0.880004901
-5.542592001,-0.87179202
-5.542592001,-0.87179202
-5.542592001,-0.87179202
-5.542592001,-0.87179202
-5.542592001,-0.87179202
-5.542592001,-0.87179202
-5.542592001,-0.87179202
-5.542592001,-0.87179202
-5.542592001,-0.87179202
-5.542592001,-0.87179202
0.45359864,-0.868556897
0.45359864,-0.868556897
0.45359864,-0.868556897
0.45359864,-0.868556897
0.45359864,-0.868556897
0.45359864,-0.868556897
0.45359864,-0.868556897
0.45359864,-0.868556897
0.45359864,-0.868556897
0.45359864,-0.868556897
0.720879086,-0.867394949
0.720879086,-0.867394949
0.720879086,-0.867394949
0.720879086,-0.867394949
0.720879086,-0.867394949
0.720879086,-0.867394949
0.720879086,-0.867394949
0.720879086,-0.867394949
0.720879086,-0.867394949
0.720879086,-0.867394949
5.941439571,-0.830634651
5.941439571,-0.830634651
5.941439571,-0.830634651
5.941439571,-0.830634651
5.941439571,-0.830634651
5.941439571,-0.830634651
5.941439571,-0.830634651
5.941439571,-0.830634651
5.941439571,-0.830634651
5.941439571,-0.830634651
-3.788311566,-0.828796545
-3.788311566,-0.828796545
-3.788311566,-0.828796545
-3.788311566,-0.828796545
-3.788311566,-0.828796545
-3.788311566,-0.828796545
-3.788311566,-0.828796545
-3.788311566,-0.828796545
-3.788311566,-0.828796545
-3.788311566,-0.828796545
-4.994704547,-0.820902022
-4.994704547,-0.820902022
-4.994704547,-0.820902022
-4.994704547,-0.820902022
-4.994704547,-0.820902022
-4.994704547,-0.820902022
-4.994704547,-0.820902022
-4.994704547,-0.820902022
-4.994704547,-0.820902022
-4.994704547,-0.820902022
2.300289491,-0.817308774
2.300289491,-0.817308774
2.300289491,-0.817308774
2.300289491,-0.817308774
2.300289491,-0.817308774
2.300289491,-0.817308774
2.300289491,-0.817308774
2.300289491,-0.817308774
2.300289491,-0.817308774
2.300289491,-0.817308774
-5.572207203,-0.811736019
-5.572207203,-0.811736019
-5.572207203,-0.811736019
-5.572207203,-0.811736019
-5.572207203,-0.811736019
-5.572207203,-0.811736019
-5.572207203,-0.811736019
-5.572207203,-0.811736019
-5.572207203,-0.811736019
-5.572207203,-0.811736019
2.142941247,-0.809993469
2.142941247,-0.809993469
2.142941247,-0.809993469
2.142941247,-0.809993469
2.142941247,-0.809993469
2.142941247,-0.809993469
2.142941247,-0.809993469
2.142941247,-0.809993469
2.142941247,-0.809993469
2.142941247,-0.809993469
3.004735585,-0.804828063
3.004735585,-0.804828063
3.004735585,-0.804828063
3.004735585,-0.804828063
3.004735585,-0.804828063
3.004735585,-0.804828063
3.004735585,-0.804828063
3.004735585,-0.804828063
3.004735585,-0.804828063
3.004735585,-0.804828063
0.040661539,-0.802180671
0.040661539,-0.802180671
0.040661539,-0.802180671
0.040661539,-0.802180671
0.040661539,-0.802180671
0.040661539,-0.802180671
0.040661539,-0.802180671
0.040661539,-0.802180671
0.040661539,-0.802180671
0.040661539,-0.802180671
-3.025472127,-0.793384659
-3.025472127,-0.793384659
-3.025472127,-0.793384659
-3.025472127,-0.793384659
-3.025472127,-0.793384659
-3.025472127,-0.793384659
-3.025472127,-0.793384659
-3.025472127,-0.793384659
-3.025472127,-0.793384659
-3.025472127,-0.793384659
-2.048753579,-0.784462347
-2.048753579,-0.784462347
-2.048753579,-0.784462347
-2.048753579,-0.784462347
-2.048753579,-0.784462347
-2.048753579,-0.784462347
-2.048753579,-0.784462347
-2.048753579,-0.784462347
-2.048753579,-0.784462347
-2.048753579,-0.784462347
1.420513293,-0.775615339
1.420513293,-0.775615339
1.420513293,-0.775615339
1.420513293,-0.775615339
1.420513293,-0.775615339
1.420513293,-0.775615339
1.420513293,-0.775615339
1.420513293,-0.775615339
1.420513293,-0.775615339
1.420513293,-0.775615339
0.734276311,-0.773510844
0.734276311,-0.773510844
0.734276311,-0.773510844
0.734276311,-0.773510844
0.734276311,-0.773510844
0.734276311,-0.773510844
0.734276311,-0.773510844
0.734276311,-0.773510844
0.734276311,-0.773510844
0.734276311,-0.773510844
0.699613393,-0.762620721
0.699613393,-0.762620721
0.699613393,-0.762620721
0.699613393,-0.762620721
0.699613393,-0.762620721
0.699613393,-0.762620721
0.699613393,-0.762620721
0.699613393,-0.762620721
0.699613393,-0.762620721
0.699613393,-0.762620721
-5.284136729,-0.743884307
-5.284136729,-0.743884307
-5.284136729,-0.743884307
-5.284136729,-0.743884307
-5.284136729,-0.743884307
-5.284136729,-0.743884307
-5.284136729,-0.743884307
-5.284136729,-0.743884307
-5.284136729,-0.743884307
-5.284136729,-0.743884307
-2.131346646,-0.724388807
-2.131346646,-0.724388807
-2.131346646,-0.724388807
-2.131346646,-0.724388807
-2.131346646,-0.724388807
-2.131346646,-0.724388807
-2.131346646,-0.724388807
-2.131346646,-0.724388807
-2.131346646,-0.724388807
-2.131346646,-0.724388807
-0.703507619,-0.720163179
-0.703507619,-0.720163179
-0.703507619,-0.720163179
-0.703507619,-0.720163179
-0.703507619,-0.720163179
-0.703507619,-0.720163179
-0.703507619,-0.720163179
-0.703507619,-0.720163179
-0.703507619,-0.720163179
-0.703507619,-0.720163179
1.505028298,-0.719281795
1.505028298,-0.719281795
1.505028298,-0.719281795
1.505028298,-0.719281795
1.505028298,-0.719281795
1.505028298,-0.719281795
1.505028298,-0.719281795
1.505028298,-0.719281795
1.505028298,-0.719281795
1.505028298,-0.719281795
4.556189199,-0.704184257
4.556189199,-0.704184257
4.556189199,-0.704184257
4.556189199,-0.704184257
4.556189199,-0.704184257
4.556189199,-0.704184257
4.556189199,-0.704184257
4.556189199,-0.704184257
4.556189199,-0.704184257
4.556189199,-0.704184257
5.055783261,-0.702307237
5.055783261,-0.702307237
5.055783261,-0.702307237
5.055783261,-0.702307237
5.055783261,-0.702307237
5.055783261,-0.702307237
5.055783261,-0.702307237
5.055783261,-0.702307237
5.055783261,-0.702307237
5.055783261,-0.702307237
-6.992190229,-0.697278022
-6.992190229,-0.697278022
-6.992190229,-0.697278022
-6.992190229,-0.697278022
-6.992190229,-0.697278022
-6.992190229,-0.697278022
-6.992190229,-0.697278022
-6.992190229,-0.697278022
-6.992190229,-0.697278022
-6.992190229,-0.697278022
-2.043431741,-0.683052695
-2.043431741,-0.683052695
-2.043431741,-0.683052695
-2.043431741,-0.683052695
-2.043431741,-0.683052695
-2.043431741,-0.683052695
-2.043431741,-0.683052695
-2.043431741,-0.683052695
-2.043431741,-0.683052695
-2.043431741,-0.683052695
1.799695839,-0.67980214
1.799695839,-0.67980214
1.799695839,-0.67980214
1.799695839,-0.67980214
1.799695839,-0.67980214
1.799695839,-0.67980214
1.799695839,-0.67980214
1.799695839,-0.67980214
1.799695839,-0.67980214
1.799695839,-0.67980214
2.791207794,-0.6733336
2.791207794,-0.6733336
2.791207794,-0.6733336
2.791207794,-0.6733336
2.791207794,-0.6733336
2.791207794,-0.6733336
2.791207794,-0.6733336
2.791207794,-0.6733336
2.791207794,-0.6733336
2.791207794,-0.6733336
-0.971342674,-0.672973385
-0.971342674,-0.672973385
-0.971342674,-0.672973385
-0.971342674,-0.672973385
-0.971342674,-0.672973385
-0.971342674,-0.672973385
-0.971342674,-0.672973385
-0.971342674,-0.672973385
-0.971342674,-0.672973385
-0.971342674,-0.672973385
-2.617650134,-0.664750673
-2.617650134,-0.664750673
-2.617650134,-0.664750673
-2.617650134,-0.664750673
-2.617650134,-0.664750673
-2.617650134,-0.664750673
-2.617650134,-0.664750673
-2.617650134,-0.664750673
-2.617650134,-0.664750673
-2.617650134,-0.664750673
-4.268510125,-0.663326766
-4.268510125,-0.663326766
-4.268510125,-0.663326766
-4.268510125,-0.663326766
-4.268510125,-0.663326766
-4.268510125,-0.663326766
-4.268510125,-0.663326766
-4.268510125,-0.663326766
-4.268510125,-0.663326766
-4.268510125,-0.663326766
1.530589597,-0.65746604
1.530589597,-0.65746604
1.530589597,-0.65746604
1.530589597,-0.65746604
1.530589597,-0.65746604
1.530589597,-0.65746604
1.530589597,-0.65746604
1.530589597,-0.65746604
1.530589597,-0.65746604
1.530589597,-0.65746604
-2.515088545,-0.655689243
-2.515088545,-0.655689243
-2.515088545,-0.655689243
-2.515088545,-0.655689243
-2.515088545,-0.655689243
-2.515088545,-0.655689243
-2.515088545,-0.655689243
-2.515088545,-0.655689243
-2.515088545,-0.655689243
-2.515088545,-0.655689243
0.587451603,-0.648970918
0.587451603,-0.648970918
0.587451603,-0.648970918
0.587451603,-0.648970918
0.587451603,-0.648970918
0.587451603,-0.648970918
0.587451603,-0.648970918
0.587451603,-0.648970918
0.587451603,-0.648970918
0.587451603,-0.648970918
-1.096175249,-0.648858716
-1.096175249,-0.648858716
-1.096175249,-0.648858716
-1.096175249,-0.648858716
-1.096175249,-0.648858716
-1.096175249,-0.648858716
-1.096175249,-0.648858716
-1.096175249,-0.648858716
-1.096175249,-0.648858716
-1.096175249,-0.648858716
1.321263908,-0.639819316
1.321263908,-0.639819316
1.321263908,-0.639819316
1.321263908,-0.639819316
1.321263908,-0.639819316
1.321263908,-0.639819316
1.321263908,-0.639819316
1.321263908,-0.639819316
1.321263908,-0.639819316
1.321263908,-0.639819316
4.127644294,-0.62307896
4.127644294,-0.62307896
4.127644294,-0.62307896
4.127644294,-0.62307896
4.127644294,-0.62307896
4.127644294,-0.62307896
4.127644294,-0.62307896
4.127644294,-0.62307896
4.127644294,-0.62307896
4.127644294,-0.62307896
1.447136149,-0.62230994
1.447136149,-0.62230994
1.447136149,-0.62230994
1.447136149,-0.62230994
1.447136149,-0.62230994
1.447136149,-0.62230994
1.447136149,-0.62230994
1.447136149,-0.62230994
1.447136149,-0.62230994
1.447136149,-0.62230994
1.222175829,-0.617217796
1.222175829,-0.617217796
1.222175829,-0.617217796
1.222175829,-0.617217796
1.222175829,-0.617217796
1.222175829,-0.617217796
1.222175829,-0.617217796
1.222175829,-0.617217796
1.222175829,-0.617217796
1.222175829,-0.617217796
0.840866446,-0.609354398
0.840866446,-0.609354398
0.840866446,-0.609354398
0.840866446,-0.609354398
0.840866446,-0.609354398
0.840866446,-0.609354398
0.840866446,-0.609354398
0.840866446,-0.609354398
0.840866446,-0.609354398
0.840866446,-0.609354398
1.633636983,-0.600801334
1.633636983,-0.600801334
1.633636983,-0.600801334
1.633636983,-0.600801334
1.633636983,-0.600801334
1.633636983,-0.600801334
1.633636983,-0.600801334
1.633636983,-0.600801334
1.633636983,-0.600801334
1.633636983,-0.600801334
-4.436885514,-0.592290331
-4.436885514,-0.592290331
-4.436885514,-0.592290331
-4.436885514,-0.592290331
-4.436885514,-0.592290331
-4.436885514,-0.592290331
-4.436885514,-0.592290331
-4.436885514,-0.592290331
-4.436885514,-0.592290331
-4.436885514,-0.592290331
0.678506275,-0.582522484
0.678506275,-0.582522484
0.678506275,-0.582522484
0.678506275,-0.582522484
0.678506275,-0.582522484
0.678506275,-0.582522484
0.678506275,-0.582522484
0.678506275,-0.582522484
0.678506275,-0.582522484
0.678506275,-0.582522484
-0.186720952,-0.577954483
-0.186720952,-0.577954483
-0.186720952,-0.577954483
-0.186720952,-0.577954483
-0.186720952,-0.577954483
-0.186720952,-0.577954483
-0.186720952,-0.577954483
-0.186720952,-0.577954483
-0.186720952,-0.577954483
-0.186720952,-0.577954483
1.325755167,-0.577562035
1.325755167,-0.577562035
1.325755167,-0.577562035
1.325755167,-0.577562035
1.325755167,-0.577562035
1.325755167,-0.577562035
1.325755167,-0.577562035
1.325755167,-0.577562035
1.325755167,-0.577562035
1.325755167,-0.577562035
-2.737855681,-0.574412074
-2.737855681,-0.574412074
-2.737855681,-0.574412074
-2.737855681,-0.574412074
-2.737855681,-0.574412074
-2.737855681,-0.574412074
-2.737855681,-0.574412074
-2.737855681,-0.574412074
-2.737855681,-0.574412074
-2.737855681,-0.574412074
8.02287365,-0.574090454
8.02287365,-0.574090454
8.02287365,-0.574090454
8.02287365,-0.574090454
8.02287365,-0.574090454
8.02287365,-0.574090454
8.02287365,-0.574090454
8.02287365,-0.574090454
8.02287365,-0.574090454
8.02287365,-0.574090454
0.109937845,-0.573140237
0.109937845,-0.573140237
0.109937845,-0.573140237
0.109937845,-0.573140237
0.109937845,-0.573140237
0.109937845,-0.573140237
0.109937845,-0.573140237
0.109937845,-0.573140237
0.109937845,-0.573140237
0.109937845,-0.573140237
-0.033417139,-0.571999659
-0.033417139,-0.571999659
-0.033417139,-0.571999659
-0.033417139,-0.571999659
-0.033417139,-0.571999659
-0.033417139,-0.571999659
-0.033417139,-0.571999659
-0.033417139,-0.571999659
-0.033417139,-0.571999659
-0.033417139,-0.571999659
0.532979877,-0.566066555
0.532979877,-0.566066555
0.532979877,-0.566066555
0.532979877,-0.566066555
0.532979877,-0.566066555
0.532979877,-0.566066555
0.532979877,-0.566066555
0.532979877,-0.566066555
0.532979877,-0.566066555
0.532979877,-0.566066555
0.049763983,-0.558466028
1.960167158,-0.557047131
1.960167158,-0.557047131
1.960167158,-0.557047131
1.960167158,-0.557047131
1.960167158,-0.557047131
1.960167158,-0.557047131
1.960167158,-0.557047131
1.960167158,-0.557047131
1.960167158,-0.557047131
1.960167158,-0.557047131
1.864498292,-0.547034478
1.864498292,-0.547034478
1.864498292,-0.547034478
1.864498292,-0.547034478
1.864498292,-0.547034478
1.864498292,-0.547034478
1.864498292,-0.547034478
1.864498292,-0.547034478
1.864498292,-0.547034478
1.864498292,-0.547034478
-4.574080866,-0.526457846
-4.574080866,-0.526457846
-4.574080866,-0.526457846
-4.574080866,-0.526457846
0.983043555,-0.522159143
0.983043555,-0.522159143
0.983043555,-0.522159143
0.983043555,-0.522159143
0.983043555,-0.522159143
0.983043555,-0.522159143
0.983043555,-0.522159143
0.983043555,-0.522159143
0.983043555,-0.522159143
0.983043555,-0.522159143
-1.189116371,-0.514275308
-1.189116371,-0.514275308
-1.189116371,-0.514275308
-1.189116371,-0.514275308
-1.189116371,-0.514275308
-1.189116371,-0.514275308
-1.189116371,-0.514275308
-1.189116371,-0.514275308
-1.189116371,-0.514275308
-1.189116371,-0.514275308
1.699676174,-0.50840434
1.699676174,-0.50840434
1.699676174,-0.50840434
1.699676174,-0.50840434
1.699676174,-0.50840434
1.699676174,-0.50840434
1.699676174,-0.50840434
1.699676174,-0.50840434
1.699676174,-0.50840434
1.699676174,-0.50840434
-0.622212532,-0.508215711
-0.622212532,-0.508215711
-0.622212532,-0.508215711
-0.622212532,-0.508215711
-0.622212532,-0.508215711
-0.622212532,-0.508215711
-0.622212532,-0.508215711
-0.622212532,-0.508215711
-0.622212532,-0.508215711
-0.622212532,-0.508215711
3.392582926,-0.506327083
3.392582926,-0.506327083
3.392582926,-0.506327083
3.392582926,-0.506327083
3.392582926,-0.506327083
3.392582926,-0.506327083
3.392582926,-0.506327083
3.392582926,-0.506327083
3.392582926,-0.506327083
3.392582926,-0.506327083
-1.99410902,-0.498967719
-1.99410902,-0.498967719
-1.99410902,-0.498967719
-1.99410902,-0.498967719
-1.99410902,-0.498967719
-1.99410902,-0.498967719
-1.99410902,-0.498967719
-1.99410902,-0.498967719
-1.99410902,-0.498967719
-1.99410902,-0.498967719
-1.752574851,-0.498846354
-1.752574851,-0.498846354
-1.752574851,-0.498846354
-1.752574851,-0.498846354
-1.752574851,-0.498846354
-1.752574851,-0.498846354
-1.752574851,-0.498846354
-1.752574851,-0.498846354
-1.752574851,-0.498846354
-1.752574851,-0.498846354
3.886303293,-0.483129697
3.886303293,-0.483129697
3.886303293,-0.483129697
3.886303293,-0.483129697
3.886303293,-0.483129697
3.886303293,-0.483129697
3.886303293,-0.483129697
3.886303293,-0.483129697
3.886303293,-0.483129697
3.886303293,-0.483129697
-3.519964901,-0.48257905
-3.519964901,-0.48257905
-3.519964901,-0.48257905
-3.519964901,-0.48257905
-3.519964901,-0.48257905
-3.519964901,-0.48257905
-3.519964901,-0.48257905
-3.519964901,-0.48257905
-3.519964901,-0.48257905
-3.519964901,-0.48257905
0.915014105,-0.482283557
0.915014105,-0.482283557
0.915014105,-0.482283557
0.915014105,-0.482283557
0.915014105,-0.482283557
0.915014105,-0.482283557
0.915014105,-0.482283557
0.915014105,-0.482283557
0.915014105,-0.482283557
0.915014105,-0.482283557
-0.966101339,-0.471246788
-0.966101339,-0.471246788
-0.966101339,-0.471246788
-0.966101339,-0.471246788
-0.966101339,-0.471246788
-0.966101339,-0.471246788
-0.966101339,-0.471246788
-0.966101339,-0.471246788
-0.966101339,-0.471246788
-0.966101339,-0.471246788
2.196005647,-0.466675083
2.196005647,-0.466675083
2.196005647,-0.466675083
2.196005647,-0.466675083
2.196005647,-0.466675083
2.196005647,-0.466675083
2.196005647,-0.466675083
2.196005647,-0.466675083
2.196005647,-0.466675083
2.196005647,-0.466675083
2.129741294,-0.455607224
2.129741294,-0.455607224
2.129741294,-0.455607224
2.129741294,-0.455607224
2.129741294,-0.455607224
2.129741294,-0.455607224
2.129741294,-0.455607224
2.129741294,-0.455607224
2.129741294,-0.455607224
2.129741294,-0.455607224
-0.582503828,-0.448223448
-0.582503828,-0.448223448
-0.582503828,-0.448223448
-0.582503828,-0.448223448
-0.582503828,-0.448223448
-0.582503828,-0.448223448
-0.582503828,-0.448223448
-0.582503828,-0.448223448
-0.582503828,-0.448223448
-0.582503828,-0.448223448
1.070369749,-0.439419884
1.070369749,-0.439419884
1.070369749,-0.439419884
1.070369749,-0.439419884
1.070369749,-0.439419884
1.070369749,-0.439419884
1.070369749,-0.439419884
1.070369749,-0.439419884
1.070369749,-0.439419884
1.070369749,-0.439419884
-4.828816977,-0.434806555
-4.828816977,-0.434806555
-4.828816977,-0.434806555
-4.828816977,-0.434806555
-4.828816977,-0.434806555
-4.828816977,-0.434806555
-4.828816977,-0.434806555
-4.828816977,-0.434806555
-4.828816977,-0.434806555
-4.828816977,-0.434806555
1.338794418,-0.430995163
1.338794418,-0.430995163
1.338794418,-0.430995163
1.338794418,-0.430995163
1.338794418,-0.430995163
1.338794418,-0.430995163
1.338794418,-0.430995163
1.338794418,-0.430995163
1.338794418,-0.430995163
1.338794418,-0.430995163
5.253803401,-0.426978636
5.253803401,-0.426978636
5.253803401,-0.426978636
5.253803401,-0.426978636
5.253803401,-0.426978636
5.253803401,-0.426978636
5.253803401,-0.426978636
5.253803401,-0.426978636
5.253803401,-0.426978636
5.253803401,-0.426978636
-2.419931162,-0.417225689
-2.419931162,-0.417225689
-2.419931162,-0.417225689
-2.419931162,-0.417225689
-2.419931162,-0.417225689
-2.419931162,-0.417225689
-2.419931162,-0.417225689
-2.419931162,-0.417225689
-2.419931162,-0.417225689
-2.419931162,-0.417225689
3.409865807,-0.405165213
3.409865807,-0.405165213
3.409865807,-0.405165213
3.409865807,-0.405165213
3.409865807,-0.405165213
3.409865807,-0.405165213
3.409865807,-0.405165213
3.409865807,-0.405165213
3.409865807,-0.405165213
3.409865807,-0.405165213
-0.527537821,-0.399482829
-0.527537821,-0.399482829
-0.527537821,-0.399482829
-0.527537821,-0.399482829
-0.527537821,-0.399482829
-0.527537821,-0.399482829
-0.527537821,-0.399482829
-0.527537821,-0.399482829
-0.527537821,-0.399482829
-0.527537821,-0.399482829
-1.69362342,-0.396890905
-1.69362342,-0.396890905
-1.69362342,-0.396890905
-1.69362342,-0.396890905
-1.69362342,-0.396890905
-1.69362342,-0.396890905
-1.69362342,-0.396890905
-1.69362342,-0.396890905
-1.69362342,-0.396890905
-1.69362342,-0.396890905
1.183747519,-0.396877902
1.183747519,-0.396877902
1.183747519,-0.396877902
1.183747519,-0.396877902
1.183747519,-0.396877902
1.183747519,-0.396877902
1.183747519,-0.396877902
1.183747519,-0.396877902
1.183747519,-0.396877902
1.183747519,-0.396877902
1.421464896,-0.393683495
1.421464896,-0.393683495
1.421464896,-0.393683495
1.421464896,-0.393683495
1.421464896,-0.393683495
1.421464896,-0.393683495
1.421464896,-0.393683495
1.421464896,-0.393683495
1.421464896,-0.393683495
1.421464896,-0.393683495
-0.149028427,-0.390989689
-0.149028427,-0.390989689
-0.149028427,-0.390989689
-0.149028427,-0.390989689
-0.149028427,-0.390989689
-0.149028427,-0.390989689
-0.149028427,-0.390989689
-0.149028427,-0.390989689
-0.149028427,-0.390989689
-0.149028427,-0.390989689
-1.252989237,-0.381050734
-1.252989237,-0.381050734
-1.252989237,-0.381050734
-1.252989237,-0.381050734
-1.252989237,-0.381050734
-1.252989237,-0.381050734
-1.252989237,-0.381050734
-1.252989237,-0.381050734
-1.252989237,-0.381050734
-1.252989237,-0.381050734
2.143538857,-0.369337488
2.143538857,-0.369337488
2.143538857,-0.369337488
2.143538857,-0.369337488
2.143538857,-0.369337488
2.143538857,-0.369337488
2.143538857,-0.369337488
2.143538857,-0.369337488
2.143538857,-0.369337488
2.143538857,-0.369337488
10.7776035,-0.365652046
10.7776035,-0.365652046
10.7776035,-0.365652046
10.7776035,-0.365652046
10.7776035,-0.365652046
10.7776035,-0.365652046
10.7776035,-0.365652046
10.7776035,-0.365652046
10.7776035,-0.365652046
10.7776035,-0.365652046
4.495478692,-0.359873809
4.495478692,-0.359873809
4.495478692,-0.359873809
4.495478692,-0.359873809
4.495478692,-0.359873809
4.495478692,-0.359873809
4.495478692,-0.359873809
4.495478692,-0.359873809
4.495478692,-0.359873809
4.495478692,-0.359873809
0.337992732,-0.357184956
0.337992732,-0.357184956
0.337992732,-0.357184956
0.337992732,-0.357184956
0.337992732,-0.357184956
0.337992732,-0.357184956
0.337992732,-0.357184956
0.337992732,-0.357184956
0.337992732,-0.357184956
0.337992732,-0.357184956
1.247180032,-0.355438177
1.247180032,-0.355438177
1.247180032,-0.355438177
1.247180032,-0.355438177
1.247180032,-0.355438177
1.247180032,-0.355438177
1.247180032,-0.355438177
1.247180032,-0.355438177
1.247180032,-0.355438177
1.247180032,-0.355438177
-1.709556094,-0.35133148
-1.709556094,-0.35133148
-1.709556094,-0.35133148
-1.709556094,-0.35133148
-1.709556094,-0.35133148
-1.709556094,-0.35133148
-1.709556094,-0.35133148
-1.709556094,-0.35133148
-1.709556094,-0.35133148
-1.709556094,-0.35133148
-0.134370928,-0.347228131
-0.134370928,-0.347228131
-0.134370928,-0.347228131
-0.134370928,-0.347228131
-0.134370928,-0.347228131
-0.134370928,-0.347228131
-0.134370928,-0.347228131
-0.134370928,-0.347228131
-0.134370928,-0.347228131
-0.134370928,-0.347228131
3.858536853,-0.343431272
3.858536853,-0.343431272
3.858536853,-0.343431272
3.858536853,-0.343431272
3.858536853,-0.343431272
3.858536853,-0.343431272
3.858536853,-0.343431272
3.858536853,-0.343431272
3.858536853,-0.343431272
3.858536853,-0.343431272
-3.558683781,-0.341727259
-3.558683781,-0.341727259
-3.558683781,-0.341727259
-3.558683781,-0.341727259
-3.558683781,-0.341727259
-3.558683781,-0.341727259
-3.558683781,-0.341727259
-3.558683781,-0.341727259
-3.558683781,-0.341727259
-3.558683781,-0.341727259
1.808848675,-0.337185982
1.808848675,-0.337185982
1.808848675,-0.337185982
1.808848675,-0.337185982
1.808848675,-0.337185982
1.808848675,-0.337185982
1.808848675,-0.337185982
1.808848675,-0.337185982
1.808848675,-0.337185982
1.808848675,-0.337185982
3.285071643,-0.336838038
3.285071643,-0.336838038
3.285071643,-0.336838038
3.285071643,-0.336838038
3.285071643,-0.336838038
3.285071643,-0.336838038
3.285071643,-0.336838038
3.285071643,-0.336838038
3.285071643,-0.336838038
3.285071643,-0.336838038
-0.078103272,-0.325022297
-0.078103272,-0.325022297
-0.078103272,-0.325022297
-0.078103272,-0.325022297
-0.078103272,-0.325022297
-0.078103272,-0.325022297
-0.078103272,-0.325022297
-0.078103272,-0.325022297
-0.078103272,-0.325022297
-0.078103272,-0.325022297
0.120403098,-0.320827029
0.120403098,-0.320827029
0.120403098,-0.320827029
0.120403098,-0.320827029
0.120403098,-0.320827029
0.120403098,-0.320827029
0.120403098,-0.320827029
0.120403098,-0.320827029
0.120403098,-0.320827029
0.120403098,-0.320827029
1.92179935,-0.316330877
1.92179935,-0.316330877
1.92179935,-0.316330877
1.92179935,-0.316330877
1.92179935,-0.316330877
1.92179935,-0.316330877
1.92179935,-0.316330877
1.92179935,-0.316330877
1.92179935,-0.316330877
1.92179935,-0.316330877
-0.743578038,-0.311252847
-0.743578038,-0.311252847
-0.743578038,-0.311252847
-0.743578038,-0.311252847
-0.743578038,-0.311252847
-0.743578038,-0.311252847
-0.743578038,-0.311252847
-0.743578038,-0.311252847
-0.743578038,-0.311252847
-0.743578038,-0.311252847
0.99198042,-0.306165821
0.99198042,-0.306165821
0.99198042,-0.306165821
0.99198042,-0.306165821
0.99198042,-0.306165821
0.99198042,-0.306165821
0.99198042,-0.306165821
0.99198042,-0.306165821
0.99198042,-0.306165821
0.99198042,-0.306165821
0.155283884,-0.300356053
0.155283884,-0.300356053
0.155283884,-0.300356053
0.155283884,-0.300356053
0.155283884,-0.300356053
0.155283884,-0.300356053
0.155283884,-0.300356053
0.155283884,-0.300356053
0.155283884,-0.300356053
0.155283884,-0.300356053
-1.854176541,-0.295660203
-1.854176541,-0.295660203
-1.854176541,-0.295660203
-1.854176541,-0.295660203
-1.854176541,-0.295660203
-1.854176541,-0.295660203
-1.854176541,-0.295660203
-1.854176541,-0.295660203
-1.854176541,-0.295660203
-1.854176541,-0.295660203
2.476569193,-0.295048583
2.476569193,-0.295048583
2.476569193,-0.295048583
2.476569193,-0.295048583
2.476569193,-0.295048583
2.476569193,-0.295048583
2.476569193,-0.295048583
2.476569193,-0.295048583
2.476569193,-0.295048583
2.476569193,-0.295048583
-4.417932573,-0.295010117
-4.417932573,-0.295010117
-4.417932573,-0.295010117
-4.417932573,-0.295010117
-4.417932573,-0.295010117
-4.417932573,-0.295010117
-4.417932573,-0.295010117
-4.417932573,-0.295010117
-4.417932573,-0.295010117
-4.417932573,-0.295010117
-4.491252729,-0.293936655
-4.491252729,-0.293936655
-4.491252729,-0.293936655
-4.491252729,-0.293936655
-4.491252729,-0.293936655
-4.491252729,-0.293936655
-4.491252729,-0.293936655
-4.491252729,-0.293936655
-4.491252729,-0.293936655
-4.491252729,-0.293936655
0.332308612,-0.293180104
0.332308612,-0.293180104
0.332308612,-0.293180104
0.332308612,-0.293180104
0.332308612,-0.293180104
0.332308612,-0.293180104
0.332308612,-0.293180104
0.332308612,-0.293180104
0.332308612,-0.293180104
0.332308612,-0.293180104
1.584715363,-0.280408123
1.584715363,-0.280408123
1.584715363,-0.280408123
1.584715363,-0.280408123
1.584715363,-0.280408123
1.584715363,-0.280408123
1.584715363,-0.280408123
1.584715363,-0.280408123
1.584715363,-0.280408123
1.584715363,-0.280408123
-2.201640217,-0.277684029
-2.201640217,-0.277684029
-2.201640217,-0.277684029
-2.201640217,-0.277684029
-2.201640217,-0.277684029
-2.201640217,-0.277684029
-2.201640217,-0.277684029
-2.201640217,-0.277684029
-2.201640217,-0.277684029
-2.201640217,-0.277684029
0.889803937,-0.275055695
0.889803937,-0.275055695
0.889803937,-0.275055695
0.889803937,-0.275055695
0.889803937,-0.275055695
0.889803937,-0.275055695
0.889803937,-0.275055695
0.889803937,-0.275055695
0.889803937,-0.275055695
0.889803937,-0.275055695
-1.457544966,-0.274592161
-1.457544966,-0.274592161
-1.457544966,-0.274592161
-1.457544966,-0.274592161
-1.457544966,-0.274592161
-1.457544966,-0.274592161
-1.457544966,-0.274592161
-1.457544966,-0.274592161
-1.457544966,-0.274592161
-1.457544966,-0.274592161
-2.633674119,-0.271568834
-2.633674119,-0.271568834
-2.633674119,-0.271568834
-2.633674119,-0.271568834
-2.633674119,-0.271568834
-2.633674119,-0.271568834
-2.633674119,-0.271568834
-2.633674119,-0.271568834
-2.633674119,-0.271568834
-2.633674119,-0.271568834
-2.619940683,-0.268918661
-2.619940683,-0.268918661
-2.619940683,-0.268918661
-2.619940683,-0.268918661
-2.619940683,-0.268918661
-2.619940683,-0.268918661
-2.619940683,-0.268918661
-2.619940683,-0.268918661
-2.619940683,-0.268918661
-2.619940683,-0.268918661
1.46903978,-0.266169788
1.46903978,-0.266169788
1.46903978,-0.266169788
1.46903978,-0.266169788
1.46903978,-0.266169788
1.46903978,-0.266169788
1.46903978,-0.266169788
1.46903978,-0.266169788
1.46903978,-0.266169788
1.46903978,-0.266169788
-0.744570311,-0.26108043
-0.744570311,-0.26108043
-0.744570311,-0.26108043
-0.744570311,-0.26108043
-0.744570311,-0.26108043
-0.744570311,-0.26108043
-0.744570311,-0.26108043
-0.744570311,-0.26108043
-0.744570311,-0.26108043
-0.744570311,-0.26108043
-2.846804099,-0.259618412
-2.846804099,-0.259618412
-2.846804099,-0.259618412
-2.846804099,-0.259618412
-2.846804099,-0.259618412
-2.846804099,-0.259618412
-2.846804099,-0.259618412
-2.846804099,-0.259618412
-2.846804099,-0.259618412
-2.846804099,-0.259618412
2.305100432,-0.255190191
2.305100432,-0.255190191
2.305100432,-0.255190191
2.305100432,-0.255190191
2.305100432,-0.255190191
2.305100432,-0.255190191
2.305100432,-0.255190191
2.305100432,-0.255190191
2.305100432,-0.255190191
2.305100432,-0.255190191
2.786286931,-0.252048243
2.786286931,-0.252048243
2.786286931,-0.252048243
2.786286931,-0.252048243
2.786286931,-0.252048243
2.786286931,-0.252048243
2.786286931,-0.252048243
2.786286931,-0.252048243
2.786286931,-0.252048243
2.786286931,-0.252048243
1.812982309,-0.247286882
1.812982309,-0.247286882
1.812982309,-0.247286882
1.812982309,-0.247286882
1.812982309,-0.247286882
1.812982309,-0.247286882
1.812982309,-0.247286882
1.812982309,-0.247286882
1.812982309,-0.247286882
1.812982309,-0.247286882
4.904320903,-0.242983821
4.904320903,-0.242983821
4.904320903,-0.242983821
4.904320903,-0.242983821
4.904320903,-0.242983821
4.904320903,-0.242983821
4.904320903,-0.242983821
4.904320903,-0.242983821
4.904320903,-0.242983821
4.904320903,-0.242983821
-1.26036083,-0.229047389
-1.26036083,-0.229047389
-1.26036083,-0.229047389
-1.26036083,-0.229047389
-1.26036083,-0.229047389
-1.26036083,-0.229047389
-1.26036083,-0.229047389
-1.26036083,-0.229047389
-1.26036083,-0.229047389
-1.26036083,-0.229047389
-1.668977519,-0.220336477
-1.668977519,-0.220336477
-1.668977519,-0.220336477
-1.668977519,-0.220336477
-1.668977519,-0.220336477
-1.668977519,-0.220336477
-1.668977519,-0.220336477
-1.668977519,-0.220336477
-1.668977519,-0.220336477
-1.668977519,-0.220336477
0.232246736,-0.21776968
0.232246736,-0.21776968
0.232246736,-0.21776968
0.232246736,-0.21776968
0.232246736,-0.21776968
0.232246736,-0.21776968
0.232246736,-0.21776968
0.232246736,-0.21776968
0.232246736,-0.21776968
0.232246736,-0.21776968
2.330248344,-0.217679509
2.330248344,-0.217679509
2.330248344,-0.217679509
2.330248344,-0.217679509
2.330248344,-0.217679509
2.330248344,-0.217679509
2.330248344,-0.217679509
2.330248344,-0.217679509
2.330248344,-0.217679509
2.330248344,-0.217679509
2.010335846,-0.202578912
2.010335846,-0.202578912
2.010335846,-0.202578912
2.010335846,-0.202578912
2.010335846,-0.202578912
2.010335846,-0.202578912
2.010335846,-0.202578912
2.010335846,-0.202578912
2.010335846,-0.202578912
2.010335846,-0.202578912
-2.362921302,-0.195093769
-2.362921302,-0.195093769
-2.362921302,-0.195093769
-2.362921302,-0.195093769
-2.362921302,-0.195093769
-2.362921302,-0.195093769
-2.362921302,-0.195093769
-2.362921302,-0.195093769
-2.362921302,-0.195093769
-2.362921302,-0.195093769
-0.813224138,-0.191188076
-0.813224138,-0.191188076
-0.813224138,-0.191188076
-0.813224138,-0.191188076
-0.813224138,-0.191188076
-0.813224138,-0.191188076
-0.813224138,-0.191188076
-0.813224138,-0.191188076
-0.813224138,-0.191188076
-0.813224138,-0.191188076
1.487791694,-0.182908721
1.487791694,-0.182908721
1.487791694,-0.182908721
1.487791694,-0.182908721
1.487791694,-0.182908721
1.487791694,-0.182908721
1.487791694,-0.182908721
1.487791694,-0.182908721
1.487791694,-0.182908721
1.487791694,-0.182908721
2.459096562,-0.182694833
2.459096562,-0.182694833
2.459096562,-0.182694833
2.459096562,-0.182694833
2.459096562,-0.182694833
2.459096562,-0.182694833
2.459096562,-0.182694833
2.459096562,-0.182694833
2.459096562,-0.182694833
2.459096562,-0.182694833
-0.22928817,-0.174468554
-0.22928817,-0.174468554
-0.22928817,-0.174468554
-0.22928817,-0.174468554
-0.22928817,-0.174468554
-0.22928817,-0.174468554
-0.22928817,-0.174468554
-0.22928817,-0.174468554
-0.22928817,-0.174468554
-0.22928817,-0.174468554
-0.257090748,-0.173318734
-0.257090748,-0.173318734
-0.257090748,-0.173318734
-0.257090748,-0.173318734
-0.257090748,-0.173318734
-0.257090748,-0.173318734
-0.257090748,-0.173318734
-0.257090748,-0.173318734
-0.257090748,-0.173318734
-0.257090748,-0.173318734
0.408116481,-0.1716169
0.408116481,-0.1716169
0.408116481,-0.1716169
0.408116481,-0.1716169
0.408116481,-0.1716169
0.408116481,-0.1716169
0.408116481,-0.1716169
0.408116481,-0.1716169
0.408116481,-0.1716169
0.408116481,-0.1716169
-2.414237064,-0.160202394
-2.414237064,-0.160202394
-2.414237064,-0.160202394
-2.414237064,-0.160202394
-2.414237064,-0.160202394
-2.414237064,-0.160202394
-2.414237064,-0.160202394
-2.414237064,-0.160202394
-2.414237064,-0.160202394
-2.414237064,-0.160202394
4.641911385,-0.158977691
4.641911385,-0.158977691
4.641911385,-0.158977691
4.641911385,-0.158977691
4.641911385,-0.158977691
4.641911385,-0.158977691
4.641911385,-0.158977691
4.641911385,-0.158977691
4.641911385,-0.158977691
4.641911385,-0.158977691
1.503461336,-0.155157815
1.503461336,-0.155157815
1.503461336,-0.155157815
1.503461336,-0.155157815
1.503461336,-0.155157815
1.503461336,-0.155157815
1.503461336,-0.155157815
1.503461336,-0.155157815
1.503461336,-0.155157815
1.503461336,-0.155157815
2.67636802,-0.144615875
2.67636802,-0.144615875
2.67636802,-0.144615875
2.67636802,-0.144615875
2.67636802,-0.144615875
2.67636802,-0.144615875
2.67636802,-0.144615875
2.67636802,-0.144615875
2.67636802,-0.144615875
2.67636802,-0.144615875
0.954538099,-0.144614235
0.954538099,-0.144614235
0.954538099,-0.144614235
0.954538099,-0.144614235
0.954538099,-0.144614235
0.954538099,-0.144614235
0.954538099,-0.144614235
0.954538099,-0.144614235
0.954538099,-0.144614235
0.954538099,-0.144614235
-0.270323542,-0.139415211
-0.270323542,-0.139415211
-0.270323542,-0.139415211
-0.270323542,-0.139415211
-0.270323542,-0.139415211
-0.270323542,-0.139415211
-0.270323542,-0.139415211
-0.270323542,-0.139415211
-0.270323542,-0.139415211
-0.270323542,-0.139415211
0.924938391,-0.139291166
0.924938391,-0.139291166
0.924938391,-0.139291166
0.924938391,-0.139291166
0.924938391,-0.139291166
0.924938391,-0.139291166
0.924938391,-0.139291166
0.924938391,-0.139291166
0.924938391,-0.139291166
0.924938391,-0.139291166
0.768841778,-0.136544859
0.768841778,-0.136544859
0.768841778,-0.136544859
0.768841778,-0.136544859
0.768841778,-0.136544859
0.768841778,-0.136544859
0.768841778,-0.136544859
0.768841778,-0.136544859
0.768841778,-0.136544859
0.768841778,-0.136544859
0.943358648,-0.133789145
0.943358648,-0.133789145
0.943358648,-0.133789145
0.943358648,-0.133789145
0.943358648,-0.133789145
0.943358648,-0.133789145
0.943358648,-0.133789145
0.943358648,-0.133789145
0.943358648,-0.133789145
0.943358648,-0.133789145
0.632004236,-0.12677152
0.632004236,-0.12677152
0.632004236,-0.12677152
0.632004236,-0.12677152
0.632004236,-0.12677152
0.632004236,-0.12677152
0.632004236,-0.12677152
0.632004236,-0.12677152
0.632004236,-0.12677152
0.632004236,-0.12677152
2.257560875,-0.125362332
2.257560875,-0.125362332
2.257560875,-0.125362332
2.257560875,-0.125362332
2.257560875,-0.125362332
2.257560875,-0.125362332
2.257560875,-0.125362332
2.257560875,-0.125362332
2.257560875,-0.125362332
2.257560875,-0.125362332
0.534580804,-0.124626668
0.534580804,-0.124626668
0.534580804,-0.124626668
0.534580804,-0.124626668
0.534580804,-0.124626668
0.534580804,-0.124626668
0.534580804,-0.124626668
0.534580804,-0.124626668
0.534580804,-0.124626668
0.534580804,-0.124626668
-0.56558837,-0.119254979
-0.56558837,-0.119254979
-0.56558837,-0.119254979
-0.56558837,-0.119254979
-0.56558837,-0.119254979
-0.56558837,-0.119254979
-0.56558837,-0.119254979
-0.56558837,-0.119254979
-0.56558837,-0.119254979
-0.56558837,-0.119254979
1.061253826,-0.10390222
1.061253826,-0.10390222
1.061253826,-0.10390222
1.061253826,-0.10390222
1.061253826,-0.10390222
1.061253826,-0.10390222
1.061253826,-0.10390222
1.061253826,-0.10390222
1.061253826,-0.10390222
1.061253826,-0.10390222
-4.379864782,-0.102692477
-4.379864782,-0.102692477
-4.379864782,-0.102692477
-4.379864782,-0.102692477
-4.379864782,-0.102692477
-4.379864782,-0.102692477
-4.379864782,-0.102692477
-4.379864782,-0.102692477
-4.379864782,-0.102692477
-4.379864782,-0.102692477
-1.066136629,-0.101750418
-1.066136629,-0.101750418
-1.066136629,-0.101750418
-1.066136629,-0.101750418
-1.066136629,-0.101750418
-1.066136629,-0.101750418
-1.066136629,-0.101750418
-1.066136629,-0.101750418
-1.066136629,-0.101750418
-1.066136629,-0.101750418
-1.24481792,-0.099870884
-1.24481792,-0.099870884
-1.24481792,-0.099870884
-1.24481792,-0.099870884
-1.24481792,-0.099870884
-1.24481792,-0.099870884
-1.24481792,-0.099870884
-1.24481792,-0.099870884
-1.24481792,-0.099870884
-1.24481792,-0.099870884
3.767178805,-0.098497799
3.767178805,-0.098497799
3.767178805,-0.098497799
3.767178805,-0.098497799
3.767178805,-0.098497799
3.767178805,-0.098497799
3.767178805,-0.098497799
3.767178805,-0.098497799
3.767178805,-0.098497799
3.767178805,-0.098497799
1.1979373,-0.092678045
1.1979373,-0.092678045
1.1979373,-0.092678045
1.1979373,-0.092678045
1.1979373,-0.092678045
1.1979373,-0.092678045
1.1979373,-0.092678045
1.1979373,-0.092678045
1.1979373,-0.092678045
1.1979373,-0.092678045
0.571875193,-0.089126211
0.571875193,-0.089126211
0.571875193,-0.089126211
0.571875193,-0.089126211
0.571875193,-0.089126211
0.571875193,-0.089126211
0.571875193,-0.089126211
0.571875193,-0.089126211
0.571875193,-0.089126211
0.571875193,-0.089126211
2.816973087,-0.079722844
2.816973087,-0.079722844
2.816973087,-0.079722844
2.816973087,-0.079722844
2.816973087,-0.079722844
2.816973087,-0.079722844
2.816973087,-0.079722844
2.816973087,-0.079722844
2.816973087,-0.079722844
2.816973087,-0.079722844
2.971724666,-0.077087222
2.971724666,-0.077087222
2.971724666,-0.077087222
2.971724666,-0.077087222
2.971724666,-0.077087222
2.971724666,-0.077087222
2.971724666,-0.077087222
2.971724666,-0.077087222
2.971724666,-0.077087222
2.971724666,-0.077087222
-2.156996196,-0.074821617
-2.156996196,-0.074821617
-2.156996196,-0.074821617
-2.156996196,-0.074821617
-2.156996196,-0.074821617
-2.156996196,-0.074821617
-2.156996196,-0.074821617
-2.156996196,-0.074821617
-2.156996196,-0.074821617
-2.156996196,-0.074821617
1.392852834,-0.070641705
1.392852834,-0.070641705
1.392852834,-0.070641705
1.392852834,-0.070641705
1.392852834,-0.070641705
1.392852834,-0.070641705
1.392852834,-0.070641705
1.392852834,-0.070641705
1.392852834,-0.070641705
1.392852834,-0.070641705
-0.236144549,-0.07041009
-0.236144549,-0.07041009
-0.236144549,-0.07041009
-0.236144549,-0.07041009
-0.236144549,-0.07041009
-0.236144549,-0.07041009
-0.236144549,-0.07041009
-0.236144549,-0.07041009
-0.236144549,-0.07041009
-0.236144549,-0.07041009
3.233781654,-0.06360035
3.233781654,-0.06360035
3.233781654,-0.06360035
3.233781654,-0.06360035
3.233781654,-0.06360035
3.233781654,-0.06360035
3.233781654,-0.06360035
3.233781654,-0.06360035
3.233781654,-0.06360035
3.233781654,-0.06360035
0.360318514,-0.063024588
0.360318514,-0.063024588
0.360318514,-0.063024588
0.360318514,-0.063024588
0.360318514,-0.063024588
0.360318514,-0.063024588
0.360318514,-0.063024588
0.360318514,-0.063024588
0.360318514,-0.063024588
0.360318514,-0.063024588
-0.453605634,-0.055228666
-0.453605634,-0.055228666
-0.453605634,-0.055228666
-0.453605634,-0.055228666
-0.453605634,-0.055228666
-0.453605634,-0.055228666
-0.453605634,-0.055228666
-0.453605634,-0.055228666
-0.453605634,-0.055228666
-0.453605634,-0.055228666
1.286268762,-0.053713345
1.286268762,-0.053713345
1.286268762,-0.053713345
1.286268762,-0.053713345
1.286268762,-0.053713345
1.286268762,-0.053713345
1.286268762,-0.053713345
1.286268762,-0.053713345
1.286268762,-0.053713345
1.286268762,-0.053713345
0.942513092,-0.053156798
0.942513092,-0.053156798
0.942513092,-0.053156798
0.942513092,-0.053156798
0.942513092,-0.053156798
0.942513092,-0.053156798
0.942513092,-0.053156798
0.942513092,-0.053156798
0.942513092,-0.053156798
0.942513092,-0.053156798
-0.2577569,-0.049806781
-0.2577569,-0.049806781
-0.2577569,-0.049806781
-0.2577569,-0.049806781
-0.2577569,-0.049806781
-0.2577569,-0.049806781
-0.2577569,-0.049806781
-0.2577569,-0.049806781
-0.2577569,-0.049806781
-0.2577569,-0.049806781
2.895646261,-0.048848769
2.895646261,-0.048848769
2.895646261,-0.048848769
2.895646261,-0.048848769
2.895646261,-0.048848769
2.895646261,-0.048848769
2.895646261,-0.048848769
2.895646261,-0.048848769
2.895646261,-0.048848769
2.895646261,-0.048848769
3.421801361,-0.048242263
3.421801361,-0.048242263
3.421801361,-0.048242263
3.421801361,-0.048242263
3.421801361,-0.048242263
3.421801361,-0.048242263
3.421801361,-0.048242263
3.421801361,-0.048242263
3.421801361,-0.048242263
3.421801361,-0.048242263
0.64170153,-0.040281073
0.64170153,-0.040281073
0.64170153,-0.040281073
0.64170153,-0.040281073
0.64170153,-0.040281073
0.64170153,-0.040281073
0.64170153,-0.040281073
0.64170153,-0.040281073
0.64170153,-0.040281073
0.64170153,-0.040281073
0.345585116,-0.039791456
0.345585116,-0.039791456
0.345585116,-0.039791456
0.345585116,-0.039791456
0.345585116,-0.039791456
0.345585116,-0.039791456
0.345585116,-0.039791456
0.345585116,-0.039791456
0.345585116,-0.039791456
0.345585116,-0.039791456
1.608344016,-0.035452523
1.608344016,-0.035452523
1.608344016,-0.035452523
1.608344016,-0.035452523
1.608344016,-0.035452523
1.608344016,-0.035452523
1.608344016,-0.035452523
1.608344016,-0.035452523
1.608344016,-0.035452523
1.608344016,-0.035452523
-0.828609343,-0.0331416
-0.828609343,-0.0331416
-0.828609343,-0.0331416
-0.828609343,-0.0331416
-0.828609343,-0.0331416
-0.828609343,-0.0331416
-0.828609343,-0.0331416
-0.828609343,-0.0331416
-0.828609343,-0.0331416
-0.828609343,-0.0331416
-6.132670448,-0.032599319
-6.132670448,-0.032599319
-6.132670448,-0.032599319
-6.132670448,-0.032599319
-6.132670448,-0.032599319
-6.132670448,-0.032599319
-6.132670448,-0.032599319
-6.132670448,-0.032599319
-6.132670448,-0.032599319
-6.132670448,-0.032599319
-0.453114771,-0.027136532
-0.453114771,-0.027136532
-0.453114771,-0.027136532
-0.453114771,-0.027136532
-0.453114771,-0.027136532
-0.453114771,-0.027136532
-0.453114771,-0.027136532
-0.453114771,-0.027136532
-0.453114771,-0.027136532
-0.453114771,-0.027136532
0.226954498,-0.018749592
0.226954498,-0.018749592
0.226954498,-0.018749592
0.226954498,-0.018749592
0.226954498,-0.018749592
0.226954498,-0.018749592
0.226954498,-0.018749592
0.226954498,-0.018749592
0.226954498,-0.018749592
0.226954498,-0.018749592
1.293350657,-0.011864012
1.293350657,-0.011864012
1.293350657,-0.011864012
1.293350657,-0.011864012
1.293350657,-0.011864012
1.293350657,-0.011864012
1.293350657,-0.011864012
1.293350657,-0.011864012
1.293350657,-0.011864012
1.293350657,-0.011864012
2.831684706,-0.006797989
2.831684706,-0.006797989
2.831684706,-0.006797989
2.831684706,-0.006797989
2.831684706,-0.006797989
2.831684706,-0.006797989
2.831684706,-0.006797989
2.831684706,-0.006797989
2.831684706,-0.006797989
2.831684706,-0.006797989
0.873666815,-0.001877565
0.873666815,-0.001877565
0.873666815,-0.001877565
0.873666815,-0.001877565
0.873666815,-0.001877565
0.873666815,-0.001877565
0.873666815,-0.001877565
0.873666815,-0.001877565
0.873666815,-0.001877565
0.873666815,-0.001877565
3.002477703,0
3.002477703,0
3.002477703,0
3.002477703,0
3.002477703,0
3.002477703,0
3.002477703,0
3.002477703,0
3.002477703,0
3.002477703,0
-2.261199153,0.005074481
-2.261199153,0.005074481
-2.261199153,0.005074481
-2.261199153,0.005074481
-2.261199153,0.005074481
-2.261199153,0.005074481
-2.261199153,0.005074481
-2.261199153,0.005074481
-2.261199153,0.005074481
-2.261199153,0.005074481
3.700360027,0.008564173
3.700360027,0.008564173
3.700360027,0.008564173
3.700360027,0.008564173
3.700360027,0.008564173
3.700360027,0.008564173
3.700360027,0.008564173
3.700360027,0.008564173
3.700360027,0.008564173
3.700360027,0.008564173
-0.114035444,0.012171698
-0.114035444,0.012171698
-0.114035444,0.012171698
-0.114035444,0.012171698
-0.114035444,0.012171698
-0.114035444,0.012171698
-0.114035444,0.012171698
-0.114035444,0.012171698
-0.114035444,0.012171698
-0.114035444,0.012171698
-0.795348679,0.014557482
-0.795348679,0.014557482
-0.795348679,0.014557482
-0.795348679,0.014557482
-0.795348679,0.014557482
-0.795348679,0.014557482
-0.795348679,0.014557482
-0.795348679,0.014557482
-0.795348679,0.014557482
-0.795348679,0.014557482
-0.215100224,0.015754039
-0.215100224,0.015754039
-0.215100224,0.015754039
-0.215100224,0.015754039
-0.215100224,0.015754039
-0.215100224,0.015754039
-0.215100224,0.015754039
-0.215100224,0.015754039
-0.215100224,0.015754039
-0.215100224,0.015754039
4.084149481,0.016886728
4.084149481,0.016886728
4.084149481,0.016886728
4.084149481,0.016886728
4.084149481,0.016886728
4.084149481,0.016886728
4.084149481,0.016886728
4.084149481,0.016886728
4.084149481,0.016886728
4.084149481,0.016886728
-1.715306651,0.019007522
-1.715306651,0.019007522
-1.715306651,0.019007522
-1.715306651,0.019007522
-1.715306651,0.019007522
-1.715306651,0.019007522
-1.715306651,0.019007522
-1.715306651,0.019007522
-1.715306651,0.019007522
-1.715306651,0.019007522
-4.773517853,0.028649479
-4.773517853,0.028649479
-4.773517853,0.028649479
-4.773517853,0.028649479
-4.773517853,0.028649479
-4.773517853,0.028649479
-4.773517853,0.028649479
-4.773517853,0.028649479
-4.773517853,0.028649479
-4.773517853,0.028649479
0.522657592,0.032161553
0.522657592,0.032161553
0.522657592,0.032161553
0.522657592,0.032161553
0.522657592,0.032161553
0.522657592,0.032161553
0.522657592,0.032161553
0.522657592,0.032161553
0.522657592,0.032161553
0.522657592,0.032161553
1.175455242,0.036616214
1.175455242,0.036616214
1.175455242,0.036616214
1.175455242,0.036616214
1.175455242,0.036616214
1.175455242,0.036616214
1.175455242,0.036616214
1.175455242,0.036616214
1.175455242,0.036616214
1.175455242,0.036616214
1.966483225,0.042188473
1.966483225,0.042188473
1.966483225,0.042188473
1.966483225,0.042188473
1.966483225,0.042188473
1.966483225,0.042188473
1.966483225,0.042188473
1.966483225,0.042188473
1.966483225,0.042188473
1.966483225,0.042188473
1.156230214,0.047861587
1.156230214,0.047861587
1.156230214,0.047861587
1.156230214,0.047861587
1.156230214,0.047861587
1.156230214,0.047861587
1.156230214,0.047861587
1.156230214,0.047861587
1.156230214,0.047861587
1.156230214,0.047861587
-1.50779848,0.050823611
-1.50779848,0.050823611
-1.50779848,0.050823611
-1.50779848,0.050823611
-1.50779848,0.050823611
-1.50779848,0.050823611
-1.50779848,0.050823611
-1.50779848,0.050823611
-1.50779848,0.050823611
-1.50779848,0.050823611
-0.344668959,0.058394108
-0.344668959,0.058394108
-0.344668959,0.058394108
-0.344668959,0.058394108
-0.344668959,0.058394108
-0.344668959,0.058394108
-0.344668959,0.058394108
-0.344668959,0.058394108
-0.344668959,0.058394108
-0.344668959,0.058394108
7.360986879,0.061378565
7.360986879,0.061378565
7.360986879,0.061378565
7.360986879,0.061378565
7.360986879,0.061378565
7.360986879,0.061378565
7.360986879,0.061378565
7.360986879,0.061378565
7.360986879,0.061378565
7.360986879,0.061378565
2.4204742,0.066849379
2.4204742,0.066849379
2.4204742,0.066849379
2.4204742,0.066849379
2.4204742,0.066849379
2.4204742,0.066849379
2.4204742,0.066849379
2.4204742,0.066849379
2.4204742,0.066849379
2.4204742,0.066849379
-0.680606276,0.07492867
-0.680606276,0.07492867
-0.680606276,0.07492867
-0.680606276,0.07492867
-0.680606276,0.07492867
-0.680606276,0.07492867
-0.680606276,0.07492867
-0.680606276,0.07492867
-0.680606276,0.07492867
-0.680606276,0.07492867
0.160149017,0.081987978
0.160149017,0.081987978
0.160149017,0.081987978
0.160149017,0.081987978
0.160149017,0.081987978
0.160149017,0.081987978
0.160149017,0.081987978
0.160149017,0.081987978
0.160149017,0.081987978
0.160149017,0.081987978
0.79768607,0.090066995
0.79768607,0.090066995
0.79768607,0.090066995
0.79768607,0.090066995
0.79768607,0.090066995
0.79768607,0.090066995
0.79768607,0.090066995
0.79768607,0.090066995
0.79768607,0.090066995
0.79768607,0.090066995
0.072352055,0.105107458
0.072352055,0.105107458
0.072352055,0.105107458
0.072352055,0.105107458
0.072352055,0.105107458
0.072352055,0.105107458
0.072352055,0.105107458
0.072352055,0.105107458
0.072352055,0.105107458
0.072352055,0.105107458
-0.386444974,0.105822393
-0.386444974,0.105822393
-0.386444974,0.105822393
-0.386444974,0.105822393
-0.386444974,0.105822393
-0.386444974,0.105822393
-0.386444974,0.105822393
-0.386444974,0.105822393
-0.386444974,0.105822393
-0.386444974,0.105822393
-5.423305567,0.108727211
-5.423305567,0.108727211
-5.423305567,0.108727211
-5.423305567,0.108727211
-5.423305567,0.108727211
-5.423305567,0.108727211
-5.423305567,0.108727211
-5.423305567,0.108727211
-5.423305567,0.108727211
-5.423305567,0.108727211
1.325217627,0.11440511
1.325217627,0.11440511
1.325217627,0.11440511
1.325217627,0.11440511
1.325217627,0.11440511
1.325217627,0.11440511
1.325217627,0.11440511
1.325217627,0.11440511
1.325217627,0.11440511
1.325217627,0.11440511
3.01637915,0.118282248
3.01637915,0.118282248
3.01637915,0.118282248
3.01637915,0.118282248
3.01637915,0.118282248
3.01637915,0.118282248
3.01637915,0.118282248
3.01637915,0.118282248
3.01637915,0.118282248
3.01637915,0.118282248
1.603359141,0.119422831
1.603359141,0.119422831
1.603359141,0.119422831
1.603359141,0.119422831
1.603359141,0.119422831
1.603359141,0.119422831
1.603359141,0.119422831
1.603359141,0.119422831
1.603359141,0.119422831
1.603359141,0.119422831
-1.016970604,0.119437317
-1.016970604,0.119437317
-1.016970604,0.119437317
-1.016970604,0.119437317
-1.016970604,0.119437317
-1.016970604,0.119437317
-1.016970604,0.119437317
-1.016970604,0.119437317
-1.016970604,0.119437317
-1.016970604,0.119437317
2.732070918,0.126816467
2.732070918,0.126816467
2.732070918,0.126816467
2.732070918,0.126816467
2.732070918,0.126816467
2.732070918,0.126816467
2.732070918,0.126816467
2.732070918,0.126816467
2.732070918,0.126816467
2.732070918,0.126816467
3.220905529,0.127931254
3.220905529,0.127931254
3.220905529,0.127931254
3.220905529,0.127931254
3.220905529,0.127931254
3.220905529,0.127931254
3.220905529,0.127931254
3.220905529,0.127931254
3.220905529,0.127931254
3.220905529,0.127931254
3.191488275,0.128192102
3.191488275,0.128192102
3.191488275,0.128192102
3.191488275,0.128192102
3.191488275,0.128192102
3.191488275,0.128192102
3.191488275,0.128192102
3.191488275,0.128192102
3.191488275,0.128192102
3.191488275,0.128192102
0.851433101,0.128341699
0.851433101,0.128341699
0.851433101,0.128341699
0.851433101,0.128341699
0.851433101,0.128341699
0.851433101,0.128341699
0.851433101,0.128341699
0.851433101,0.128341699
0.851433101,0.128341699
0.851433101,0.128341699
1.637465602,0.134371159
1.637465602,0.134371159
1.637465602,0.134371159
1.637465602,0.134371159
1.637465602,0.134371159
1.637465602,0.134371159
1.637465602,0.134371159
1.637465602,0.134371159
1.637465602,0.134371159
1.637465602,0.134371159
-4.692079114,0.143080219
-4.692079114,0.143080219
-4.692079114,0.143080219
-4.692079114,0.143080219
-4.692079114,0.143080219
-4.692079114,0.143080219
-4.692079114,0.143080219
-4.692079114,0.143080219
-4.692079114,0.143080219
-4.692079114,0.143080219
-2.294725795,0.143543301
-2.294725795,0.143543301
-2.294725795,0.143543301
-2.294725795,0.143543301
-2.294725795,0.143543301
-2.294725795,0.143543301
-2.294725795,0.143543301
-2.294725795,0.143543301
-2.294725795,0.143543301
-2.294725795,0.143543301
2.46957163,0.144587948
2.46957163,0.144587948
2.46957163,0.144587948
2.46957163,0.144587948
2.46957163,0.144587948
2.46957163,0.144587948
2.46957163,0.144587948
2.46957163,0.144587948
2.46957163,0.144587948
2.46957163,0.144587948
2.616712212,0.14482367
2.616712212,0.14482367
2.616712212,0.14482367
2.616712212,0.14482367
2.616712212,0.14482367
2.616712212,0.14482367
2.616712212,0.14482367
2.616712212,0.14482367
2.616712212,0.14482367
2.616712212,0.14482367
-0.396203517,0.147749794
-0.396203517,0.147749794
-0.396203517,0.147749794
-0.396203517,0.147749794
-0.396203517,0.147749794
-0.396203517,0.147749794
-0.396203517,0.147749794
-0.396203517,0.147749794
-0.396203517,0.147749794
-0.396203517,0.147749794
-0.620324577,0.148574725
-0.620324577,0.148574725
-0.620324577,0.148574725
-0.620324577,0.148574725
-0.620324577,0.148574725
-0.620324577,0.148574725
-0.620324577,0.148574725
-0.620324577,0.148574725
-0.620324577,0.148574725
-0.620324577,0.148574725
4.640370832,0.151811383
4.640370832,0.151811383
4.640370832,0.151811383
4.640370832,0.151811383
4.640370832,0.151811383
4.640370832,0.151811383
4.640370832,0.151811383
4.640370832,0.151811383
4.640370832,0.151811383
4.640370832,0.151811383
0.100220574,0.153741345
0.100220574,0.153741345
0.100220574,0.153741345
0.100220574,0.153741345
0.100220574,0.153741345
0.100220574,0.153741345
0.100220574,0.153741345
0.100220574,0.153741345
0.100220574,0.153741345
0.100220574,0.153741345
1.381853592,0.161612326
1.381853592,0.161612326
1.381853592,0.161612326
1.381853592,0.161612326
1.381853592,0.161612326
1.381853592,0.161612326
1.381853592,0.161612326
1.381853592,0.161612326
1.381853592,0.161612326
1.381853592,0.161612326
-0.245757023,0.171869907
-0.245757023,0.171869907
-0.245757023,0.171869907
-0.245757023,0.171869907
-0.245757023,0.171869907
-0.245757023,0.171869907
-0.245757023,0.171869907
-0.245757023,0.171869907
1.985925544,0.178184073
1.985925544,0.178184073
1.985925544,0.178184073
1.985925544,0.178184073
1.985925544,0.178184073
1.985925544,0.178184073
1.985925544,0.178184073
1.985925544,0.178184073
1.985925544,0.178184073
1.985925544,0.178184073
-0.010364249,0.18287071
-0.010364249,0.18287071
-0.010364249,0.18287071
-0.010364249,0.18287071
-0.010364249,0.18287071
-0.010364249,0.18287071
-0.010364249,0.18287071
-0.010364249,0.18287071
-0.010364249,0.18287071
-0.010364249,0.18287071
2.519040237,0.189355597
2.519040237,0.189355597
2.519040237,0.189355597
2.519040237,0.189355597
2.519040237,0.189355597
2.519040237,0.189355597
2.519040237,0.189355597
2.519040237,0.189355597
2.519040237,0.189355597
2.519040237,0.189355597
1.074912262,0.191888621
1.074912262,0.191888621
1.074912262,0.191888621
1.074912262,0.191888621
1.074912262,0.191888621
1.074912262,0.191888621
1.074912262,0.191888621
1.074912262,0.191888621
1.074912262,0.191888621
1.074912262,0.191888621
-1.88911148,0.199258978
-1.88911148,0.199258978
-1.88911148,0.199258978
-1.88911148,0.199258978
-1.88911148,0.199258978
-1.88911148,0.199258978
-1.88911148,0.199258978
-1.88911148,0.199258978
-1.88911148,0.199258978
-1.88911148,0.199258978
1.36116102,0.202396199
1.36116102,0.202396199
1.36116102,0.202396199
1.36116102,0.202396199
1.36116102,0.202396199
1.36116102,0.202396199
1.36116102,0.202396199
1.36116102,0.202396199
1.36116102,0.202396199
1.36116102,0.202396199
-2.434543482,0.202482327
-2.434543482,0.202482327
-2.434543482,0.202482327
-2.434543482,0.202482327
-2.434543482,0.202482327
-2.434543482,0.202482327
-2.434543482,0.202482327
-2.434543482,0.202482327
-2.434543482,0.202482327
-2.434543482,0.202482327
-0.98499427,0.204221744
-0.98499427,0.204221744
-0.98499427,0.204221744
-0.98499427,0.204221744
-0.98499427,0.204221744
-0.98499427,0.204221744
-0.98499427,0.204221744
-0.98499427,0.204221744
-0.98499427,0.204221744
-0.98499427,0.204221744
-0.988611594,0.207861415
-0.988611594,0.207861415
-0.988611594,0.207861415
-0.988611594,0.207861415
-0.988611594,0.207861415
-0.988611594,0.207861415
-0.988611594,0.207861415
-0.988611594,0.207861415
-0.988611594,0.207861415
-0.988611594,0.207861415
5.630586577,0.210133646
5.630586577,0.210133646
5.630586577,0.210133646
-1.979349762,0.211325636
-1.979349762,0.211325636
-1.979349762,0.211325636
-1.979349762,0.211325636
-1.979349762,0.211325636
-1.979349762,0.211325636
-1.979349762,0.211325636
-1.979349762,0.211325636
-1.979349762,0.211325636
-1.979349762,0.211325636
2.979757683,0.228002399
2.979757683,0.228002399
2.979757683,0.228002399
2.979757683,0.228002399
2.979757683,0.228002399
2.979757683,0.228002399
2.979757683,0.228002399
2.979757683,0.228002399
2.979757683,0.228002399
2.979757683,0.228002399
-0.231618742,0.233366393
-0.231618742,0.233366393
-0.231618742,0.233366393
-0.231618742,0.233366393
-0.231618742,0.233366393
-0.231618742,0.233366393
-0.231618742,0.233366393
-0.231618742,0.233366393
-0.231618742,0.233366393
-0.231618742,0.233366393
-2.528571427,0.238277079
-2.528571427,0.238277079
-2.528571427,0.238277079
-2.528571427,0.238277079
-2.528571427,0.238277079
-2.528571427,0.238277079
-2.528571427,0.238277079
-2.528571427,0.238277079
-2.528571427,0.238277079
-2.528571427,0.238277079
3.731990088,0.239593882
3.731990088,0.239593882
3.731990088,0.239593882
3.731990088,0.239593882
3.731990088,0.239593882
3.731990088,0.239593882
3.731990088,0.239593882
3.731990088,0.239593882
3.731990088,0.239593882
3.731990088,0.239593882
-0.023212316,0.250939064
-0.023212316,0.250939064
-0.023212316,0.250939064
-0.023212316,0.250939064
-0.023212316,0.250939064
-0.023212316,0.250939064
-0.023212316,0.250939064
-0.023212316,0.250939064
-0.023212316,0.250939064
-0.023212316,0.250939064
0.913332457,0.251587053
0.913332457,0.251587053
0.913332457,0.251587053
0.913332457,0.251587053
0.913332457,0.251587053
0.913332457,0.251587053
0.913332457,0.251587053
0.913332457,0.251587053
0.913332457,0.251587053
0.913332457,0.251587053
-1.156376117,0.258893031
-1.156376117,0.258893031
-1.156376117,0.258893031
-1.156376117,0.258893031
-1.156376117,0.258893031
-1.156376117,0.258893031
-1.156376117,0.258893031
-1.156376117,0.258893031
-1.156376117,0.258893031
-1.156376117,0.258893031
0.005477108,0.264238578
0.005477108,0.264238578
0.005477108,0.264238578
0.005477108,0.264238578
0.005477108,0.264238578
0.005477108,0.264238578
0.005477108,0.264238578
0.005477108,0.264238578
0.005477108,0.264238578
0.005477108,0.264238578
0.03155685,0.269160676
0.03155685,0.269160676
0.03155685,0.269160676
0.03155685,0.269160676
0.03155685,0.269160676
0.03155685,0.269160676
0.03155685,0.269160676
0.03155685,0.269160676
0.03155685,0.269160676
0.03155685,0.269160676
1.424757847,0.272818025
1.424757847,0.272818025
-5.091834152,0.275750028
-5.091834152,0.275750028
-5.091834152,0.275750028
-5.091834152,0.275750028
-5.091834152,0.275750028
-5.091834152,0.275750028
-5.091834152,0.275750028
-5.091834152,0.275750028
-5.091834152,0.275750028
-5.091834152,0.275750028
-0.805107157,0.277543352
-0.805107157,0.277543352
-0.805107157,0.277543352
-0.805107157,0.277543352
-0.805107157,0.277543352
-0.805107157,0.277543352
-0.805107157,0.277543352
-0.805107157,0.277543352
-0.805107157,0.277543352
-0.805107157,0.277543352
-0.346721104,0.287144386
-0.346721104,0.287144386
-0.346721104,0.287144386
-0.346721104,0.287144386
-0.346721104,0.287144386
-0.346721104,0.287144386
-0.346721104,0.287144386
-0.346721104,0.287144386
-0.346721104,0.287144386
-0.346721104,0.287144386
-1.203565828,0.290612107
-1.203565828,0.290612107
-1.203565828,0.290612107
-1.203565828,0.290612107
-1.203565828,0.290612107
-1.203565828,0.290612107
-1.203565828,0.290612107
-1.203565828,0.290612107
-1.203565828,0.290612107
-1.203565828,0.290612107
0.363265539,0.296491724
0.363265539,0.296491724
0.363265539,0.296491724
0.363265539,0.296491724
0.363265539,0.296491724
0.363265539,0.296491724
0.363265539,0.296491724
0.363265539,0.296491724
0.363265539,0.296491724
0.363265539,0.296491724
0.477936639,0.302207782
0.477936639,0.302207782
0.477936639,0.302207782
0.477936639,0.302207782
0.477936639,0.302207782
0.477936639,0.302207782
0.477936639,0.302207782
0.477936639,0.302207782
0.477936639,0.302207782
0.477936639,0.302207782
5.76494776,0.305922658
5.76494776,0.305922658
5.76494776,0.305922658
5.76494776,0.305922658
5.76494776,0.305922658
5.76494776,0.305922658
5.76494776,0.305922658
5.76494776,0.305922658
5.76494776,0.305922658
5.76494776,0.305922658
-5.783355212,0.307970706
-5.783355212,0.307970706
-5.783355212,0.307970706
-5.783355212,0.307970706
-5.783355212,0.307970706
-5.783355212,0.307970706
-5.783355212,0.307970706
-5.783355212,0.307970706
-5.783355212,0.307970706
-5.783355212,0.307970706
-0.999234438,0.318753763
-0.999234438,0.318753763
-0.999234438,0.318753763
-0.999234438,0.318753763
-0.999234438,0.318753763
-0.999234438,0.318753763
-0.999234438,0.318753763
-0.999234438,0.318753763
-0.999234438,0.318753763
-0.999234438,0.318753763
1.680164955,0.334417174
1.680164955,0.334417174
1.680164955,0.334417174
1.680164955,0.334417174
1.680164955,0.334417174
1.680164955,0.334417174
1.680164955,0.334417174
1.680164955,0.334417174
1.680164955,0.334417174
1.680164955,0.334417174
1.027116352,0.336558831
1.027116352,0.336558831
1.027116352,0.336558831
1.027116352,0.336558831
1.027116352,0.336558831
1.027116352,0.336558831
1.027116352,0.336558831
1.027116352,0.336558831
1.027116352,0.336558831
1.027116352,0.336558831
-0.142921618,0.339506942
-0.142921618,0.339506942
-0.142921618,0.339506942
-0.142921618,0.339506942
-0.142921618,0.339506942
-0.142921618,0.339506942
-0.142921618,0.339506942
-0.142921618,0.339506942
-0.142921618,0.339506942
-0.142921618,0.339506942
2.075783582,0.340237738
2.075783582,0.340237738
2.075783582,0.340237738
2.075783582,0.340237738
2.075783582,0.340237738
2.075783582,0.340237738
2.075783582,0.340237738
2.075783582,0.340237738
2.075783582,0.340237738
2.075783582,0.340237738
-3.186257801,0.346365871
-3.186257801,0.346365871
-3.186257801,0.346365871
-3.186257801,0.346365871
-3.186257801,0.346365871
-3.186257801,0.346365871
-3.186257801,0.346365871
-3.186257801,0.346365871
-3.186257801,0.346365871
-3.186257801,0.346365871
-1.865525281,0.346685857
-1.865525281,0.346685857
-1.865525281,0.346685857
-1.865525281,0.346685857
-1.865525281,0.346685857
-1.865525281,0.346685857
-1.865525281,0.346685857
-1.865525281,0.346685857
-1.865525281,0.346685857
-1.865525281,0.346685857
4.961114268,0.348117371
4.961114268,0.348117371
4.961114268,0.348117371
4.961114268,0.348117371
4.961114268,0.348117371
4.961114268,0.348117371
3.797546061,0.349407258
3.797546061,0.349407258
3.797546061,0.349407258
3.797546061,0.349407258
3.797546061,0.349407258
3.797546061,0.349407258
3.797546061,0.349407258
3.797546061,0.349407258
3.797546061,0.349407258
3.797546061,0.349407258
-0.027081619,0.349901015
-0.027081619,0.349901015
-0.027081619,0.349901015
-0.027081619,0.349901015
-0.027081619,0.349901015
-0.027081619,0.349901015
-0.027081619,0.349901015
-0.027081619,0.349901015
-0.027081619,0.349901015
-0.027081619,0.349901015
-1.625627838,0.350469424
-1.625627838,0.350469424
-1.625627838,0.350469424
-1.625627838,0.350469424
-1.625627838,0.350469424
-1.625627838,0.350469424
-1.625627838,0.350469424
-1.625627838,0.350469424
-1.625627838,0.350469424
-1.625627838,0.350469424
-1.135018963,0.355173171
-1.135018963,0.355173171
-1.135018963,0.355173171
-1.135018963,0.355173171
-1.135018963,0.355173171
-1.135018963,0.355173171
-1.135018963,0.355173171
-1.135018963,0.355173171
-1.135018963,0.355173171
-1.135018963,0.355173171
1.742605604,0.356528613
1.742605604,0.356528613
1.742605604,0.356528613
1.742605604,0.356528613
1.742605604,0.356528613
1.742605604,0.356528613
1.742605604,0.356528613
1.742605604,0.356528613
1.742605604,0.356528613
1.742605604,0.356528613
-1.151663632,0.356859426
-1.151663632,0.356859426
-1.151663632,0.356859426
-1.151663632,0.356859426
-1.151663632,0.356859426
-1.151663632,0.356859426
-1.151663632,0.356859426
-1.151663632,0.356859426
-1.151663632,0.356859426
-1.151663632,0.356859426
-4.151577022,0.358460912
-4.151577022,0.358460912
-4.151577022,0.358460912
-4.151577022,0.358460912
-4.151577022,0.358460912
-4.151577022,0.358460912
-4.151577022,0.358460912
-4.151577022,0.358460912
-4.151577022,0.358460912
-4.151577022,0.358460912
5.76753759,0.359237257
5.76753759,0.359237257
5.76753759,0.359237257
5.76753759,0.359237257
5.76753759,0.359237257
5.76753759,0.359237257
5.76753759,0.359237257
5.76753759,0.359237257
5.76753759,0.359237257
5.76753759,0.359237257
0.090882944,0.36485969
0.090882944,0.36485969
0.090882944,0.36485969
0.090882944,0.36485969
0.090882944,0.36485969
0.090882944,0.36485969
0.090882944,0.36485969
0.090882944,0.36485969
0.090882944,0.36485969
0.090882944,0.36485969
2.606007925,0.370261605
2.606007925,0.370261605
2.606007925,0.370261605
2.606007925,0.370261605
2.606007925,0.370261605
2.606007925,0.370261605
2.606007925,0.370261605
2.606007925,0.370261605
2.606007925,0.370261605
2.606007925,0.370261605
1.280497649,0.376632299
1.280497649,0.376632299
1.280497649,0.376632299
1.280497649,0.376632299
1.280497649,0.376632299
1.280497649,0.376632299
1.280497649,0.376632299
1.280497649,0.376632299
1.280497649,0.376632299
1.280497649,0.376632299
1.818687489,0.377297011
1.818687489,0.377297011
1.818687489,0.377297011
1.818687489,0.377297011
1.818687489,0.377297011
1.818687489,0.377297011
1.818687489,0.377297011
1.818687489,0.377297011
1.818687489,0.377297011
1.818687489,0.377297011
-1.185122513,0.380923316
-1.185122513,0.380923316
-1.185122513,0.380923316
-1.185122513,0.380923316
-1.185122513,0.380923316
-1.185122513,0.380923316
-1.185122513,0.380923316
-1.185122513,0.380923316
-1.185122513,0.380923316
-1.185122513,0.380923316
-0.02152205,0.381181143
-0.02152205,0.381181143
-0.02152205,0.381181143
-0.02152205,0.381181143
-0.02152205,0.381181143
-0.02152205,0.381181143
-0.02152205,0.381181143
-0.02152205,0.381181143
-0.02152205,0.381181143
-0.02152205,0.381181143
-1.217802307,0.381620022
-1.217802307,0.381620022
-1.217802307,0.381620022
-1.217802307,0.381620022
-1.217802307,0.381620022
-1.217802307,0.381620022
-1.217802307,0.381620022
-1.217802307,0.381620022
-1.217802307,0.381620022
-1.217802307,0.381620022
1.651670285,0.384388711
1.651670285,0.384388711
1.651670285,0.384388711
1.651670285,0.384388711
1.651670285,0.384388711
1.651670285,0.384388711
1.651670285,0.384388711
1.651670285,0.384388711
1.651670285,0.384388711
1.651670285,0.384388711
-4.874132126,0.386126244
-4.874132126,0.386126244
-4.874132126,0.386126244
-4.874132126,0.386126244
-4.874132126,0.386126244
-4.874132126,0.386126244
-4.874132126,0.386126244
-4.874132126,0.386126244
-4.874132126,0.386126244
-4.874132126,0.386126244
-0.072928174,0.387464828
-0.072928174,0.387464828
-0.072928174,0.387464828
-0.072928174,0.387464828
-0.072928174,0.387464828
-0.072928174,0.387464828
-0.072928174,0.387464828
-0.072928174,0.387464828
-0.072928174,0.387464828
-0.072928174,0.387464828
0.842641948,0.397064138
0.842641948,0.397064138
0.842641948,0.397064138
0.842641948,0.397064138
0.842641948,0.397064138
0.842641948,0.397064138
0.842641948,0.397064138
0.842641948,0.397064138
0.842641948,0.397064138
0.842641948,0.397064138
-4.793532589,0.397546065
-4.793532589,0.397546065
-4.793532589,0.397546065
-4.793532589,0.397546065
-4.793532589,0.397546065
-4.793532589,0.397546065
-4.793532589,0.397546065
-4.793532589,0.397546065
-4.793532589,0.397546065
-4.793532589,0.397546065
-1.215037082,0.39814059
-1.215037082,0.39814059
-1.215037082,0.39814059
-1.215037082,0.39814059
-1.215037082,0.39814059
-1.215037082,0.39814059
-1.215037082,0.39814059
-1.215037082,0.39814059
-1.215037082,0.39814059
-1.215037082,0.39814059
0.535079731,0.403555028
0.535079731,0.403555028
0.535079731,0.403555028
0.535079731,0.403555028
0.535079731,0.403555028
0.535079731,0.403555028
0.535079731,0.403555028
0.535079731,0.403555028
0.535079731,0.403555028
0.535079731,0.403555028
-5.669076274,0.404636957
-5.669076274,0.404636957
-5.669076274,0.404636957
-5.669076274,0.404636957
-5.669076274,0.404636957
-5.669076274,0.404636957
-5.669076274,0.404636957
-5.669076274,0.404636957
-5.669076274,0.404636957
-5.669076274,0.404636957
-24.45314658,0.405029978
-24.45314658,0.405029978
-24.45314658,0.405029978
-24.45314658,0.405029978
-24.45314658,0.405029978
-24.45314658,0.405029978
-24.45314658,0.405029978
-24.45314658,0.405029978
-24.45314658,0.405029978
-24.45314658,0.405029978
-7.778151828,0.415000885
-7.778151828,0.415000885
-7.778151828,0.415000885
-7.778151828,0.415000885
-7.778151828,0.415000885
-7.778151828,0.415000885
-7.778151828,0.415000885
-7.778151828,0.415000885
-7.778151828,0.415000885
-7.778151828,0.415000885
1.922732863,0.417668832
1.922732863,0.417668832
1.922732863,0.417668832
1.922732863,0.417668832
1.922732863,0.417668832
1.922732863,0.417668832
1.922732863,0.417668832
1.922732863,0.417668832
1.922732863,0.417668832
1.922732863,0.417668832
-0.173369944,0.422099563
-0.173369944,0.422099563
-0.173369944,0.422099563
-0.173369944,0.422099563
-0.173369944,0.422099563
-0.173369944,0.422099563
-0.173369944,0.422099563
-0.173369944,0.422099563
-0.173369944,0.422099563
-0.173369944,0.422099563
0.555510588,0.427117695
0.555510588,0.427117695
0.555510588,0.427117695
0.555510588,0.427117695
0.555510588,0.427117695
0.555510588,0.427117695
0.555510588,0.427117695
0.555510588,0.427117695
0.555510588,0.427117695
0.555510588,0.427117695
0.868552372,0.441698805
0.868552372,0.441698805
0.868552372,0.441698805
0.868552372,0.441698805
0.868552372,0.441698805
0.868552372,0.441698805
0.868552372,0.441698805
0.868552372,0.441698805
0.868552372,0.441698805
0.868552372,0.441698805
2.791945096,0.442593502
2.791945096,0.442593502
2.791945096,0.442593502
2.791945096,0.442593502
2.791945096,0.442593502
2.791945096,0.442593502
2.791945096,0.442593502
2.791945096,0.442593502
2.791945096,0.442593502
2.791945096,0.442593502
-1.204227828,0.447876978
-1.204227828,0.447876978
-1.204227828,0.447876978
-1.204227828,0.447876978
-1.204227828,0.447876978
-1.204227828,0.447876978
-1.204227828,0.447876978
-1.204227828,0.447876978
-1.204227828,0.447876978
-1.204227828,0.447876978
-0.78839144,0.456281791
-0.78839144,0.456281791
-0.78839144,0.456281791
-0.78839144,0.456281791
-0.78839144,0.456281791
-0.78839144,0.456281791
-0.78839144,0.456281791
-0.78839144,0.456281791
-0.78839144,0.456281791
-0.78839144,0.456281791
-2.728963772,0.458556739
-2.728963772,0.458556739
-2.728963772,0.458556739
-2.728963772,0.458556739
-2.728963772,0.458556739
-2.728963772,0.458556739
-2.728963772,0.458556739
-2.728963772,0.458556739
-2.728963772,0.458556739
-2.728963772,0.458556739
4.486810166,0.462695688
4.486810166,0.462695688
4.486810166,0.462695688
4.486810166,0.462695688
4.486810166,0.462695688
4.486810166,0.462695688
4.486810166,0.462695688
4.486810166,0.462695688
4.486810166,0.462695688
4.486810166,0.462695688
-1.802935079,0.476414583
-1.802935079,0.476414583
-1.802935079,0.476414583
-1.802935079,0.476414583
-1.802935079,0.476414583
-1.802935079,0.476414583
-1.802935079,0.476414583
-1.802935079,0.476414583
-1.802935079,0.476414583
-1.802935079,0.476414583
1.879847983,0.478221316
1.879847983,0.478221316
1.879847983,0.478221316
1.879847983,0.478221316
1.879847983,0.478221316
1.879847983,0.478221316
1.879847983,0.478221316
1.879847983,0.478221316
1.879847983,0.478221316
1.879847983,0.478221316
0.157029469,0.4819018
0.157029469,0.4819018
0.157029469,0.4819018
0.157029469,0.4819018
0.157029469,0.4819018
0.157029469,0.4819018
0.157029469,0.4819018
0.157029469,0.4819018
0.157029469,0.4819018
0.157029469,0.4819018
2.763541461,0.483119129
2.763541461,0.483119129
2.763541461,0.483119129
2.763541461,0.483119129
2.763541461,0.483119129
2.763541461,0.483119129
2.763541461,0.483119129
2.763541461,0.483119129
2.763541461,0.483119129
2.763541461,0.483119129
-1.893868273,0.485565498
-1.893868273,0.485565498
-1.893868273,0.485565498
-1.893868273,0.485565498
-1.893868273,0.485565498
-1.893868273,0.485565498
-1.893868273,0.485565498
-1.893868273,0.485565498
-1.893868273,0.485565498
-1.893868273,0.485565498
-0.585291983,0.488206464
-0.585291983,0.488206464
-0.585291983,0.488206464
-0.585291983,0.488206464
-0.585291983,0.488206464
-0.585291983,0.488206464
-0.585291983,0.488206464
-0.585291983,0.488206464
-0.585291983,0.488206464
-0.585291983,0.488206464
-2.98350562,0.490524713
-2.98350562,0.490524713
-2.98350562,0.490524713
-2.98350562,0.490524713
-2.98350562,0.490524713
-2.98350562,0.490524713
-2.98350562,0.490524713
-2.98350562,0.490524713
-2.98350562,0.490524713
-2.98350562,0.490524713
-2.115443468,0.497042348
-2.115443468,0.497042348
-2.115443468,0.497042348
-2.115443468,0.497042348
-2.115443468,0.497042348
-2.115443468,0.497042348
-2.115443468,0.497042348
-2.115443468,0.497042348
-2.115443468,0.497042348
-2.115443468,0.497042348
0.607568227,0.530431581
0.607568227,0.530431581
0.607568227,0.530431581
0.607568227,0.530431581
0.607568227,0.530431581
0.607568227,0.530431581
0.607568227,0.530431581
0.607568227,0.530431581
0.607568227,0.530431581
0.607568227,0.530431581
3.406250233,0.532023828
3.406250233,0.532023828
3.406250233,0.532023828
3.406250233,0.532023828
3.406250233,0.532023828
3.406250233,0.532023828
3.406250233,0.532023828
3.406250233,0.532023828
3.406250233,0.532023828
3.406250233,0.532023828
1.423754535,0.532802747
1.423754535,0.532802747
1.423754535,0.532802747
1.423754535,0.532802747
1.423754535,0.532802747
1.423754535,0.532802747
1.423754535,0.532802747
1.423754535,0.532802747
1.423754535,0.532802747
1.423754535,0.532802747
-1.939698094,0.535104024
-1.939698094,0.535104024
-1.939698094,0.535104024
-1.939698094,0.535104024
-1.939698094,0.535104024
-1.939698094,0.535104024
-0.637055712,0.537527786
-0.637055712,0.537527786
-0.637055712,0.537527786
-0.637055712,0.537527786
-0.637055712,0.537527786
-0.637055712,0.537527786
-0.637055712,0.537527786
-0.637055712,0.537527786
-0.637055712,0.537527786
-0.637055712,0.537527786
3.526015414,0.541879309
3.526015414,0.541879309
3.526015414,0.541879309
3.526015414,0.541879309
3.526015414,0.541879309
3.526015414,0.541879309
3.526015414,0.541879309
3.526015414,0.541879309
3.526015414,0.541879309
3.526015414,0.541879309
-0.418053471,0.550619884
-0.418053471,0.550619884
-0.418053471,0.550619884
-0.418053471,0.550619884
-0.418053471,0.550619884
-0.418053471,0.550619884
-0.418053471,0.550619884
-0.418053471,0.550619884
-0.418053471,0.550619884
-0.418053471,0.550619884
-2.415540782,0.55098689
-2.415540782,0.55098689
-2.415540782,0.55098689
-2.415540782,0.55098689
-2.415540782,0.55098689
-2.415540782,0.55098689
-2.415540782,0.55098689
-2.415540782,0.55098689
-2.415540782,0.55098689
-2.415540782,0.55098689
0.4520343,0.552262042
0.4520343,0.552262042
0.4520343,0.552262042
0.4520343,0.552262042
0.4520343,0.552262042
0.4520343,0.552262042
0.4520343,0.552262042
0.4520343,0.552262042
0.4520343,0.552262042
0.4520343,0.552262042
-0.201394009,0.559450662
-0.201394009,0.559450662
-0.201394009,0.559450662
-0.201394009,0.559450662
-0.201394009,0.559450662
-0.201394009,0.559450662
-0.201394009,0.559450662
-0.201394009,0.559450662
-0.201394009,0.559450662
-0.201394009,0.559450662
4.352842638,0.559733045
4.352842638,0.559733045
4.352842638,0.559733045
4.352842638,0.559733045
4.352842638,0.559733045
4.352842638,0.559733045
4.352842638,0.559733045
4.352842638,0.559733045
4.352842638,0.559733045
4.352842638,0.559733045
-1.497591418,0.560567643
-1.497591418,0.560567643
-1.497591418,0.560567643
-1.497591418,0.560567643
-1.497591418,0.560567643
-1.497591418,0.560567643
-1.497591418,0.560567643
-1.497591418,0.560567643
-1.497591418,0.560567643
-1.497591418,0.560567643
1.267496127,0.566006756
1.267496127,0.566006756
1.267496127,0.566006756
1.267496127,0.566006756
1.267496127,0.566006756
1.267496127,0.566006756
1.267496127,0.566006756
1.267496127,0.566006756
1.267496127,0.566006756
1.267496127,0.566006756
1.535723366,0.570412167
1.535723366,0.570412167
1.535723366,0.570412167
1.535723366,0.570412167
1.535723366,0.570412167
1.535723366,0.570412167
1.535723366,0.570412167
1.535723366,0.570412167
1.535723366,0.570412167
1.535723366,0.570412167
-0.378717061,0.57272421
-0.378717061,0.57272421
-0.378717061,0.57272421
-0.378717061,0.57272421
-0.378717061,0.57272421
-0.378717061,0.57272421
-0.378717061,0.57272421
-0.378717061,0.57272421
-0.378717061,0.57272421
-0.378717061,0.57272421
-1.303772009,0.585831411
-1.303772009,0.585831411
-1.303772009,0.585831411
-1.303772009,0.585831411
-1.303772009,0.585831411
-1.303772009,0.585831411
-1.303772009,0.585831411
-1.303772009,0.585831411
-1.303772009,0.585831411
-1.303772009,0.585831411
1.736656647,0.590666148
1.736656647,0.590666148
1.736656647,0.590666148
1.736656647,0.590666148
1.736656647,0.590666148
1.736656647,0.590666148
1.736656647,0.590666148
1.736656647,0.590666148
1.736656647,0.590666148
1.736656647,0.590666148
1.37564872,0.596150925
1.37564872,0.596150925
1.37564872,0.596150925
1.37564872,0.596150925
1.37564872,0.596150925
1.37564872,0.596150925
1.37564872,0.596150925
1.37564872,0.596150925
1.37564872,0.596150925
1.37564872,0.596150925
0.942485028,0.597103595
0.942485028,0.597103595
0.942485028,0.597103595
0.942485028,0.597103595
0.942485028,0.597103595
0.942485028,0.597103595
0.942485028,0.597103595
0.942485028,0.597103595
0.942485028,0.597103595
0.942485028,0.597103595
0.797343819,0.609433129
0.797343819,0.609433129
0.797343819,0.609433129
0.797343819,0.609433129
0.797343819,0.609433129
0.797343819,0.609433129
0.797343819,0.609433129
0.797343819,0.609433129
0.797343819,0.609433129
0.797343819,0.609433129
0.324548857,0.612322049
0.324548857,0.612322049
0.324548857,0.612322049
0.324548857,0.612322049
0.324548857,0.612322049
0.324548857,0.612322049
0.324548857,0.612322049
0.324548857,0.612322049
0.324548857,0.612322049
0.324548857,0.612322049
2.433260988,0.612893728
2.433260988,0.612893728
2.433260988,0.612893728
2.433260988,0.612893728
2.433260988,0.612893728
2.433260988,0.612893728
2.433260988,0.612893728
2.433260988,0.612893728
2.433260988,0.612893728
2.433260988,0.612893728
-0.170039508,0.618077589
-0.170039508,0.618077589
-0.170039508,0.618077589
-0.170039508,0.618077589
-0.170039508,0.618077589
-0.170039508,0.618077589
-0.170039508,0.618077589
-0.170039508,0.618077589
-0.170039508,0.618077589
-0.170039508,0.618077589
-0.811412991,0.618375598
-0.811412991,0.618375598
-0.811412991,0.618375598
-0.811412991,0.618375598
-0.811412991,0.618375598
-0.811412991,0.618375598
-0.811412991,0.618375598
-0.811412991,0.618375598
-0.811412991,0.618375598
-0.811412991,0.618375598
0.832921522,0.622176051
0.832921522,0.622176051
0.832921522,0.622176051
0.832921522,0.622176051
0.832921522,0.622176051
0.832921522,0.622176051
0.832921522,0.622176051
0.832921522,0.622176051
0.832921522,0.622176051
0.832921522,0.622176051
-0.903296314,0.628541082
-0.903296314,0.628541082
-0.903296314,0.628541082
-0.903296314,0.628541082
-0.903296314,0.628541082
-0.903296314,0.628541082
-0.903296314,0.628541082
-0.903296314,0.628541082
-0.903296314,0.628541082
-0.903296314,0.628541082
-1.105823858,0.632862138
-1.105823858,0.632862138
-1.105823858,0.632862138
-1.105823858,0.632862138
-1.105823858,0.632862138
-1.105823858,0.632862138
-1.105823858,0.632862138
-1.105823858,0.632862138
-1.105823858,0.632862138
-1.105823858,0.632862138
4.490280035,0.634992829
4.490280035,0.634992829
4.490280035,0.634992829
4.490280035,0.634992829
4.490280035,0.634992829
4.490280035,0.634992829
4.490280035,0.634992829
4.490280035,0.634992829
4.490280035,0.634992829
4.490280035,0.634992829
-0.301663903,0.638128007
-0.301663903,0.638128007
-0.301663903,0.638128007
-0.301663903,0.638128007
-0.301663903,0.638128007
-0.301663903,0.638128007
-0.301663903,0.638128007
-0.301663903,0.638128007
-0.301663903,0.638128007
-0.301663903,0.638128007
1.976050933,0.645456519
1.976050933,0.645456519
1.976050933,0.645456519
1.976050933,0.645456519
1.976050933,0.645456519
1.976050933,0.645456519
1.976050933,0.645456519
1.976050933,0.645456519
1.976050933,0.645456519
1.976050933,0.645456519
-1.201605625,0.650530484
-1.201605625,0.650530484
-1.201605625,0.650530484
-1.201605625,0.650530484
-1.201605625,0.650530484
-1.201605625,0.650530484
-1.201605625,0.650530484
-1.201605625,0.650530484
-1.201605625,0.650530484
-1.201605625,0.650530484
-0.9616868,0.652349764
-0.9616868,0.652349764
-0.9616868,0.652349764
-0.9616868,0.652349764
-0.9616868,0.652349764
-0.9616868,0.652349764
-0.9616868,0.652349764
-0.9616868,0.652349764
-0.9616868,0.652349764
-0.9616868,0.652349764
-0.232772201,0.653273429
-0.232772201,0.653273429
-0.232772201,0.653273429
-0.232772201,0.653273429
-0.232772201,0.653273429
-0.232772201,0.653273429
-0.232772201,0.653273429
-0.232772201,0.653273429
-0.232772201,0.653273429
-0.232772201,0.653273429
0.265290982,0.655667394
0.265290982,0.655667394
0.265290982,0.655667394
0.265290982,0.655667394
0.265290982,0.655667394
0.265290982,0.655667394
0.265290982,0.655667394
0.265290982,0.655667394
0.265290982,0.655667394
0.265290982,0.655667394
1.274316931,0.658922246
1.274316931,0.658922246
1.274316931,0.658922246
1.274316931,0.658922246
1.274316931,0.658922246
1.274316931,0.658922246
1.274316931,0.658922246
1.274316931,0.658922246
1.274316931,0.658922246
1.274316931,0.658922246
3.605433615,0.671041933
3.605433615,0.671041933
3.605433615,0.671041933
3.605433615,0.671041933
3.605433615,0.671041933
3.605433615,0.671041933
3.605433615,0.671041933
3.605433615,0.671041933
3.605433615,0.671041933
3.605433615,0.671041933
-1.106441006,0.678491078
-1.106441006,0.678491078
-1.106441006,0.678491078
-1.106441006,0.678491078
-1.106441006,0.678491078
-1.106441006,0.678491078
-1.106441006,0.678491078
-1.106441006,0.678491078
-1.106441006,0.678491078
-1.106441006,0.678491078
-0.58629805,0.680447635
-0.58629805,0.680447635
-0.58629805,0.680447635
-0.58629805,0.680447635
-0.58629805,0.680447635
-0.58629805,0.680447635
-0.58629805,0.680447635
-0.58629805,0.680447635
-0.58629805,0.680447635
-0.58629805,0.680447635
-1.324645094,0.683490554
-1.324645094,0.683490554
-1.324645094,0.683490554
-1.324645094,0.683490554
-1.324645094,0.683490554
-1.324645094,0.683490554
-1.324645094,0.683490554
-1.324645094,0.683490554
-1.324645094,0.683490554
-1.324645094,0.683490554
-1.38888717,0.687641436
-1.38888717,0.687641436
-1.38888717,0.687641436
-1.38888717,0.687641436
-1.38888717,0.687641436
-1.38888717,0.687641436
-1.38888717,0.687641436
-1.38888717,0.687641436
-1.38888717,0.687641436
-1.38888717,0.687641436
2.268314296,0.690576652
2.268314296,0.690576652
2.268314296,0.690576652
2.268314296,0.690576652
2.268314296,0.690576652
2.268314296,0.690576652
2.268314296,0.690576652
2.268314296,0.690576652
2.268314296,0.690576652
2.268314296,0.690576652
-0.427127803,0.695970278
-0.427127803,0.695970278
-0.427127803,0.695970278
-0.427127803,0.695970278
-0.427127803,0.695970278
-0.427127803,0.695970278
-0.427127803,0.695970278
-0.427127803,0.695970278
-0.427127803,0.695970278
-0.427127803,0.695970278
0.584378057,0.701857761
0.584378057,0.701857761
0.584378057,0.701857761
0.584378057,0.701857761
0.584378057,0.701857761
0.584378057,0.701857761
0.584378057,0.701857761
0.584378057,0.701857761
0.584378057,0.701857761
0.584378057,0.701857761
-6.588159437,0.706906782
-6.588159437,0.706906782
-6.588159437,0.706906782
-6.588159437,0.706906782
-6.588159437,0.706906782
-6.588159437,0.706906782
-6.588159437,0.706906782
-6.588159437,0.706906782
-6.588159437,0.706906782
-6.588159437,0.706906782
-1.722156727,0.709634631
-1.722156727,0.709634631
-1.722156727,0.709634631
-1.722156727,0.709634631
-1.722156727,0.709634631
-1.722156727,0.709634631
-1.722156727,0.709634631
-1.722156727,0.709634631
-1.722156727,0.709634631
-1.722156727,0.709634631
-1.926397884,0.710217424
-1.926397884,0.710217424
-1.926397884,0.710217424
-1.926397884,0.710217424
-1.926397884,0.710217424
-1.926397884,0.710217424
-1.926397884,0.710217424
-1.926397884,0.710217424
-1.926397884,0.710217424
-1.926397884,0.710217424
2.238670892,0.717609712
2.238670892,0.717609712
2.238670892,0.717609712
2.238670892,0.717609712
2.238670892,0.717609712
2.238670892,0.717609712
2.238670892,0.717609712
2.238670892,0.717609712
2.238670892,0.717609712
2.238670892,0.717609712
-4.675902843,0.732945934
-4.675902843,0.732945934
-4.675902843,0.732945934
-4.675902843,0.732945934
-4.675902843,0.732945934
-4.675902843,0.732945934
-4.675902843,0.732945934
-4.675902843,0.732945934
-4.675902843,0.732945934
-4.675902843,0.732945934
-0.356796042,0.733766047
-0.356796042,0.733766047
-0.356796042,0.733766047
-0.356796042,0.733766047
-0.356796042,0.733766047
-0.356796042,0.733766047
-0.356796042,0.733766047
-0.356796042,0.733766047
-0.356796042,0.733766047
-0.356796042,0.733766047
4.014807523,0.742050262
4.014807523,0.742050262
4.014807523,0.742050262
4.014807523,0.742050262
4.014807523,0.742050262
4.014807523,0.742050262
4.014807523,0.742050262
4.014807523,0.742050262
4.014807523,0.742050262
4.014807523,0.742050262
2.881749205,0.748747948
2.881749205,0.748747948
2.881749205,0.748747948
2.881749205,0.748747948
2.881749205,0.748747948
2.881749205,0.748747948
2.881749205,0.748747948
2.881749205,0.748747948
2.881749205,0.748747948
2.881749205,0.748747948
1.094237918,0.762206703
1.094237918,0.762206703
1.094237918,0.762206703
1.094237918,0.762206703
1.094237918,0.762206703
1.094237918,0.762206703
1.094237918,0.762206703
1.094237918,0.762206703
1.094237918,0.762206703
1.094237918,0.762206703
0.783446189,0.763123093
0.783446189,0.763123093
0.783446189,0.763123093
0.783446189,0.763123093
0.783446189,0.763123093
0.783446189,0.763123093
0.783446189,0.763123093
0.783446189,0.763123093
0.783446189,0.763123093
0.783446189,0.763123093
1.634750379,0.764913235
1.634750379,0.764913235
1.634750379,0.764913235
1.634750379,0.764913235
1.634750379,0.764913235
1.634750379,0.764913235
1.634750379,0.764913235
1.634750379,0.764913235
1.634750379,0.764913235
1.634750379,0.764913235
0.047709561,0.774652056
0.047709561,0.774652056
0.047709561,0.774652056
0.047709561,0.774652056
0.047709561,0.774652056
0.047709561,0.774652056
0.047709561,0.774652056
0.047709561,0.774652056
0.047709561,0.774652056
0.047709561,0.774652056
-2.023515267,0.775160763
-2.023515267,0.775160763
-2.023515267,0.775160763
-2.023515267,0.775160763
-2.023515267,0.775160763
-2.023515267,0.775160763
-2.023515267,0.775160763
-2.023515267,0.775160763
-2.023515267,0.775160763
-2.023515267,0.775160763
1.441785374,0.778090145
1.441785374,0.778090145
1.441785374,0.778090145
1.441785374,0.778090145
1.441785374,0.778090145
1.441785374,0.778090145
1.441785374,0.778090145
1.441785374,0.778090145
1.441785374,0.778090145
1.441785374,0.778090145
0.093275105,0.781384918
0.093275105,0.781384918
0.093275105,0.781384918
0.093275105,0.781384918
0.093275105,0.781384918
0.093275105,0.781384918
0.093275105,0.781384918
0.093275105,0.781384918
0.093275105,0.781384918
0.093275105,0.781384918
-0.59433299,0.781959324
-0.59433299,0.781959324
-0.59433299,0.781959324
-0.59433299,0.781959324
-0.59433299,0.781959324
-0.59433299,0.781959324
-0.59433299,0.781959324
-0.59433299,0.781959324
-0.59433299,0.781959324
-0.59433299,0.781959324
4.343156658,0.783762289
4.343156658,0.783762289
4.343156658,0.783762289
4.343156658,0.783762289
4.343156658,0.783762289
4.343156658,0.783762289
4.343156658,0.783762289
4.343156658,0.783762289
4.343156658,0.783762289
4.343156658,0.783762289
-0.832260048,0.78624034
-0.832260048,0.78624034
-0.832260048,0.78624034
-0.832260048,0.78624034
-0.832260048,0.78624034
-0.832260048,0.78624034
-0.832260048,0.78624034
-0.832260048,0.78624034
-0.832260048,0.78624034
-0.832260048,0.78624034
-2.29515698,0.788422879
-2.29515698,0.788422879
-2.29515698,0.788422879
-2.29515698,0.788422879
-2.29515698,0.788422879
-2.29515698,0.788422879
-2.29515698,0.788422879
-2.29515698,0.788422879
-2.29515698,0.788422879
-2.29515698,0.788422879
1.934749398,0.794949684
1.934749398,0.794949684
1.934749398,0.794949684
1.934749398,0.794949684
1.934749398,0.794949684
1.934749398,0.794949684
1.934749398,0.794949684
1.934749398,0.794949684
1.934749398,0.794949684
1.934749398,0.794949684
0.012043695,0.798977232
0.012043695,0.798977232
0.012043695,0.798977232
0.012043695,0.798977232
0.012043695,0.798977232
0.012043695,0.798977232
0.012043695,0.798977232
0.012043695,0.798977232
0.012043695,0.798977232
0.012043695,0.798977232
0.730939927,0.799128942
0.730939927,0.799128942
0.730939927,0.799128942
0.730939927,0.799128942
0.730939927,0.799128942
0.730939927,0.799128942
0.730939927,0.799128942
0.730939927,0.799128942
0.730939927,0.799128942
0.730939927,0.799128942
0.122496919,0.80388534
0.122496919,0.80388534
0.122496919,0.80388534
0.122496919,0.80388534
0.122496919,0.80388534
0.122496919,0.80388534
0.122496919,0.80388534
0.122496919,0.80388534
0.122496919,0.80388534
0.122496919,0.80388534
2.210540967,0.808769711
2.210540967,0.808769711
2.210540967,0.808769711
2.210540967,0.808769711
2.210540967,0.808769711
2.210540967,0.808769711
2.210540967,0.808769711
2.210540967,0.808769711
2.210540967,0.808769711
2.210540967,0.808769711
-3.618790745,0.81062762
-3.618790745,0.81062762
-3.618790745,0.81062762
-3.618790745,0.81062762
-3.618790745,0.81062762
-3.618790745,0.81062762
-3.618790745,0.81062762
-3.618790745,0.81062762
-3.618790745,0.81062762
-3.618790745,0.81062762
2.383316826,0.811221175
2.383316826,0.811221175
2.383316826,0.811221175
2.383316826,0.811221175
2.383316826,0.811221175
2.383316826,0.811221175
2.383316826,0.811221175
2.383316826,0.811221175
2.383316826,0.811221175
2.383316826,0.811221175
13.98920552,0.814783371
13.98920552,0.814783371
13.98920552,0.814783371
13.98920552,0.814783371
13.98920552,0.814783371
13.98920552,0.814783371
13.98920552,0.814783371
13.98920552,0.814783371
13.98920552,0.814783371
13.98920552,0.814783371
-0.348977272,0.82089175
-0.348977272,0.82089175
-0.348977272,0.82089175
-0.348977272,0.82089175
-0.348977272,0.82089175
-0.348977272,0.82089175
-0.348977272,0.82089175
-0.348977272,0.82089175
-0.348977272,0.82089175
-0.348977272,0.82089175
-1.623282704,0.825938159
-1.623282704,0.825938159
-1.623282704,0.825938159
-1.623282704,0.825938159
-1.623282704,0.825938159
-1.623282704,0.825938159
-1.623282704,0.825938159
-1.623282704,0.825938159
-1.623282704,0.825938159
-1.623282704,0.825938159
-2.40748028,0.830685692
-2.40748028,0.830685692
-2.40748028,0.830685692
-2.40748028,0.830685692
-2.40748028,0.830685692
-2.40748028,0.830685692
-2.40748028,0.830685692
-2.40748028,0.830685692
-2.40748028,0.830685692
-2.40748028,0.830685692
1.115816803,0.833120036
1.115816803,0.833120036
1.115816803,0.833120036
1.115816803,0.833120036
1.115816803,0.833120036
1.115816803,0.833120036
1.115816803,0.833120036
1.115816803,0.833120036
1.115816803,0.833120036
1.115816803,0.833120036
1.249213706,0.833634806
1.249213706,0.833634806
1.249213706,0.833634806
1.249213706,0.833634806
1.249213706,0.833634806
1.249213706,0.833634806
1.249213706,0.833634806
1.249213706,0.833634806
1.249213706,0.833634806
1.249213706,0.833634806
-1.530528324,0.833969143
-1.530528324,0.833969143
-1.530528324,0.833969143
-1.530528324,0.833969143
-1.530528324,0.833969143
-1.530528324,0.833969143
-1.530528324,0.833969143
-1.530528324,0.833969143
-1.530528324,0.833969143
-1.530528324,0.833969143
-0.624854728,0.834627498
-0.624854728,0.834627498
-0.624854728,0.834627498
-0.624854728,0.834627498
-0.624854728,0.834627498
-0.624854728,0.834627498
-0.624854728,0.834627498
-0.624854728,0.834627498
-0.624854728,0.834627498
-0.624854728,0.834627498
2.550281177,0.841842001
2.550281177,0.841842001
2.550281177,0.841842001
2.550281177,0.841842001
2.550281177,0.841842001
2.550281177,0.841842001
2.550281177,0.841842001
2.550281177,0.841842001
2.550281177,0.841842001
2.550281177,0.841842001
-0.171698368,0.847234054
-0.171698368,0.847234054
-0.171698368,0.847234054
-0.171698368,0.847234054
-0.171698368,0.847234054
-0.171698368,0.847234054
-0.171698368,0.847234054
-0.171698368,0.847234054
-0.171698368,0.847234054
-0.171698368,0.847234054
0.572929792,0.855819842
0.572929792,0.855819842
0.572929792,0.855819842
0.572929792,0.855819842
0.572929792,0.855819842
0.572929792,0.855819842
0.572929792,0.855819842
0.572929792,0.855819842
0.572929792,0.855819842
0.572929792,0.855819842
3.365789469,0.856763989
3.365789469,0.856763989
3.365789469,0.856763989
3.365789469,0.856763989
3.365789469,0.856763989
3.365789469,0.856763989
3.365789469,0.856763989
3.365789469,0.856763989
3.365789469,0.856763989
3.365789469,0.856763989
-0.474966342,0.859411276
-0.474966342,0.859411276
-0.474966342,0.859411276
-0.474966342,0.859411276
-0.474966342,0.859411276
-0.474966342,0.859411276
-0.474966342,0.859411276
-0.474966342,0.859411276
-0.474966342,0.859411276
-0.474966342,0.859411276
4.270206933,0.859730578
4.270206933,0.859730578
4.270206933,0.859730578
4.270206933,0.859730578
4.270206933,0.859730578
4.270206933,0.859730578
4.270206933,0.859730578
4.270206933,0.859730578
4.270206933,0.859730578
4.270206933,0.859730578
-1.689715068,0.864400397
-1.689715068,0.864400397
-1.689715068,0.864400397
-1.689715068,0.864400397
-1.689715068,0.864400397
-1.689715068,0.864400397
-1.689715068,0.864400397
-1.689715068,0.864400397
-1.689715068,0.864400397
-1.689715068,0.864400397
-2.313027453,0.872960496
-2.313027453,0.872960496
-2.313027453,0.872960496
-2.313027453,0.872960496
-2.313027453,0.872960496
-2.313027453,0.872960496
-2.313027453,0.872960496
-2.313027453,0.872960496
-2.313027453,0.872960496
-2.313027453,0.872960496
0.409599193,0.875127353
0.409599193,0.875127353
0.409599193,0.875127353
0.409599193,0.875127353
0.409599193,0.875127353
0.409599193,0.875127353
0.409599193,0.875127353
0.409599193,0.875127353
0.409599193,0.875127353
0.409599193,0.875127353
1.155088695,0.875310401
1.155088695,0.875310401
4.678195717,0.877733036
4.678195717,0.877733036
4.678195717,0.877733036
4.678195717,0.877733036
4.678195717,0.877733036
4.678195717,0.877733036
4.678195717,0.877733036
4.678195717,0.877733036
4.678195717,0.877733036
4.678195717,0.877733036
1.756666879,0.884811184
1.756666879,0.884811184
1.756666879,0.884811184
1.756666879,0.884811184
1.756666879,0.884811184
1.756666879,0.884811184
1.756666879,0.884811184
1.756666879,0.884811184
1.756666879,0.884811184
1.756666879,0.884811184
0.071483119,0.888275928
0.071483119,0.888275928
0.071483119,0.888275928
0.071483119,0.888275928
0.071483119,0.888275928
0.071483119,0.888275928
0.071483119,0.888275928
0.071483119,0.888275928
0.071483119,0.888275928
0.071483119,0.888275928
-0.705535321,0.888881691
-0.705535321,0.888881691
-0.705535321,0.888881691
-0.705535321,0.888881691
-0.705535321,0.888881691
-0.705535321,0.888881691
-0.705535321,0.888881691
-0.705535321,0.888881691
-0.705535321,0.888881691
-0.705535321,0.888881691
-0.576765046,0.89084937
-0.576765046,0.89084937
-0.576765046,0.89084937
-0.576765046,0.89084937
-0.576765046,0.89084937
-0.576765046,0.89084937
-0.576765046,0.89084937
-0.576765046,0.89084937
-0.576765046,0.89084937
-0.576765046,0.89084937
-0.127179874,0.894537133
-0.127179874,0.894537133
-0.127179874,0.894537133
-0.127179874,0.894537133
-0.127179874,0.894537133
-0.127179874,0.894537133
-0.127179874,0.894537133
-0.127179874,0.894537133
-0.127179874,0.894537133
-0.127179874,0.894537133
0.540627506,0.894565184
0.540627506,0.894565184
0.540627506,0.894565184
0.540627506,0.894565184
0.540627506,0.894565184
0.540627506,0.894565184
0.540627506,0.894565184
0.540627506,0.894565184
0.540627506,0.894565184
0.540627506,0.894565184
1.865356216,0.895919209
1.865356216,0.895919209
1.865356216,0.895919209
1.865356216,0.895919209
1.865356216,0.895919209
1.865356216,0.895919209
1.865356216,0.895919209
1.865356216,0.895919209
1.865356216,0.895919209
1.865356216,0.895919209
-0.987436011,0.904888952
-0.987436011,0.904888952
-0.987436011,0.904888952
-0.987436011,0.904888952
-0.987436011,0.904888952
-0.987436011,0.904888952
-0.987436011,0.904888952
-0.987436011,0.904888952
-0.987436011,0.904888952
-0.987436011,0.904888952
2.192240204,0.906008477
2.192240204,0.906008477
2.192240204,0.906008477
2.192240204,0.906008477
2.192240204,0.906008477
2.192240204,0.906008477
2.192240204,0.906008477
2.192240204,0.906008477
2.192240204,0.906008477
2.192240204,0.906008477
2.877201808,0.906422714
2.877201808,0.906422714
2.877201808,0.906422714
2.877201808,0.906422714
2.877201808,0.906422714
2.877201808,0.906422714
2.877201808,0.906422714
2.877201808,0.906422714
2.877201808,0.906422714
2.877201808,0.906422714
0.876745752,0.907593425
0.876745752,0.907593425
0.876745752,0.907593425
0.876745752,0.907593425
0.876745752,0.907593425
0.876745752,0.907593425
0.876745752,0.907593425
0.876745752,0.907593425
0.876745752,0.907593425
0.876745752,0.907593425
1.76536657,0.914619976
1.76536657,0.914619976
1.76536657,0.914619976
1.76536657,0.914619976
1.76536657,0.914619976
1.76536657,0.914619976
1.76536657,0.914619976
1.76536657,0.914619976
1.76536657,0.914619976
1.76536657,0.914619976
-1.016982692,0.922515358
-1.016982692,0.922515358
-1.016982692,0.922515358
-1.016982692,0.922515358
-1.016982692,0.922515358
-1.016982692,0.922515358
-1.016982692,0.922515358
-1.016982692,0.922515358
-1.016982692,0.922515358
-1.016982692,0.922515358
-0.248132711,0.92646995
-0.248132711,0.92646995
-0.248132711,0.92646995
-0.248132711,0.92646995
-0.248132711,0.92646995
-0.248132711,0.92646995
-0.248132711,0.92646995
-0.248132711,0.92646995
-0.248132711,0.92646995
-0.248132711,0.92646995
0.056394081,0.929567324
0.056394081,0.929567324
0.056394081,0.929567324
0.056394081,0.929567324
0.056394081,0.929567324
0.056394081,0.929567324
0.056394081,0.929567324
0.056394081,0.929567324
0.056394081,0.929567324
0.056394081,0.929567324
1.776938231,0.932377262
1.776938231,0.932377262
1.776938231,0.932377262
1.776938231,0.932377262
1.776938231,0.932377262
1.776938231,0.932377262
1.776938231,0.932377262
1.776938231,0.932377262
1.776938231,0.932377262
1.776938231,0.932377262
1.392947903,0.939857964
1.392947903,0.939857964
1.392947903,0.939857964
1.392947903,0.939857964
1.392947903,0.939857964
2.098588,0.939961183
2.098588,0.939961183
2.098588,0.939961183
2.098588,0.939961183
2.098588,0.939961183
2.098588,0.939961183
2.098588,0.939961183
2.098588,0.939961183
2.098588,0.939961183
2.098588,0.939961183
-3.881663656,0.940410356
-3.881663656,0.940410356
-3.881663656,0.940410356
-3.881663656,0.940410356
-3.881663656,0.940410356
-3.881663656,0.940410356
-3.881663656,0.940410356
-3.881663656,0.940410356
-3.881663656,0.940410356
-3.881663656,0.940410356
0.539191455,0.946193053
0.539191455,0.946193053
0.539191455,0.946193053
0.539191455,0.946193053
0.539191455,0.946193053
0.539191455,0.946193053
0.539191455,0.946193053
0.539191455,0.946193053
0.539191455,0.946193053
0.539191455,0.946193053
-0.517255915,0.950202063
-0.517255915,0.950202063
-0.517255915,0.950202063
-0.517255915,0.950202063
-0.517255915,0.950202063
-0.517255915,0.950202063
-0.517255915,0.950202063
-0.517255915,0.950202063
-0.517255915,0.950202063
-0.517255915,0.950202063
-0.456499463,0.951440173
-0.456499463,0.951440173
-0.456499463,0.951440173
-0.456499463,0.951440173
-0.456499463,0.951440173
-0.456499463,0.951440173
-0.456499463,0.951440173
-0.456499463,0.951440173
-0.456499463,0.951440173
-0.456499463,0.951440173
-3.728290645,0.95306115
-3.728290645,0.95306115
-3.728290645,0.95306115
-3.728290645,0.95306115
-3.728290645,0.95306115
-3.728290645,0.95306115
-3.728290645,0.95306115
-3.728290645,0.95306115
-3.728290645,0.95306115
-3.728290645,0.95306115
0.61931223,0.956798385
0.61931223,0.956798385
0.61931223,0.956798385
0.61931223,0.956798385
0.61931223,0.956798385
0.61931223,0.956798385
0.61931223,0.956798385
0.61931223,0.956798385
0.61931223,0.956798385
0.61931223,0.956798385
1.370321714,0.961110526
1.370321714,0.961110526
1.370321714,0.961110526
1.370321714,0.961110526
1.370321714,0.961110526
1.370321714,0.961110526
1.370321714,0.961110526
1.370321714,0.961110526
1.370321714,0.961110526
1.370321714,0.961110526
2.062482592,0.963604509
2.062482592,0.963604509
2.062482592,0.963604509
2.062482592,0.963604509
2.062482592,0.963604509
2.062482592,0.963604509
2.062482592,0.963604509
2.062482592,0.963604509
2.062482592,0.963604509
2.062482592,0.963604509
-1.590702215,0.964579428
-1.590702215,0.964579428
-1.590702215,0.964579428
-1.590702215,0.964579428
-1.590702215,0.964579428
-1.590702215,0.964579428
-1.590702215,0.964579428
-1.590702215,0.964579428
-1.590702215,0.964579428
-1.590702215,0.964579428
2.928474218,0.969518351
2.928474218,0.969518351
2.928474218,0.969518351
2.928474218,0.969518351
2.928474218,0.969518351
2.928474218,0.969518351
2.928474218,0.969518351
2.928474218,0.969518351
2.928474218,0.969518351
2.928474218,0.969518351
-0.965327957,0.973890401
-0.965327957,0.973890401
-0.965327957,0.973890401
-0.965327957,0.973890401
-0.965327957,0.973890401
-0.965327957,0.973890401
-0.965327957,0.973890401
-0.965327957,0.973890401
-0.965327957,0.973890401
-0.965327957,0.973890401
-0.678394296,0.982452053
-0.678394296,0.982452053
-0.678394296,0.982452053
-0.678394296,0.982452053
-0.678394296,0.982452053
-0.678394296,0.982452053
-0.678394296,0.982452053
-0.678394296,0.982452053
-0.678394296,0.982452053
-0.678394296,0.982452053
0.873079042,0.983489793
0.873079042,0.983489793
0.873079042,0.983489793
0.873079042,0.983489793
0.873079042,0.983489793
0.873079042,0.983489793
0.873079042,0.983489793
0.873079042,0.983489793
0.873079042,0.983489793
0.873079042,0.983489793
1.428120115,0.984549258
1.428120115,0.984549258
1.428120115,0.984549258
1.428120115,0.984549258
1.428120115,0.984549258
1.428120115,0.984549258
1.428120115,0.984549258
1.428120115,0.984549258
1.428120115,0.984549258
1.428120115,0.984549258
-1.044173298,0.990984907
-1.044173298,0.990984907
-1.044173298,0.990984907
-1.044173298,0.990984907
-1.044173298,0.990984907
-1.044173298,0.990984907
-1.044173298,0.990984907
-1.044173298,0.990984907
-1.044173298,0.990984907
-1.044173298,0.990984907
-0.071147761,0.991719399
-0.071147761,0.991719399
-0.071147761,0.991719399
-0.071147761,0.991719399
-0.071147761,0.991719399
-0.071147761,0.991719399
-0.071147761,0.991719399
-0.071147761,0.991719399
-0.071147761,0.991719399
-0.071147761,0.991719399
1.069513804,0.995381724
1.069513804,0.995381724
1.069513804,0.995381724
1.069513804,0.995381724
1.069513804,0.995381724
1.069513804,0.995381724
1.069513804,0.995381724
1.069513804,0.995381724
1.069513804,0.995381724
1.069513804,0.995381724
4.487514302,1.000459707
4.487514302,1.000459707
4.487514302,1.000459707
4.487514302,1.000459707
4.487514302,1.000459707
4.487514302,1.000459707
4.487514302,1.000459707
4.487514302,1.000459707
4.487514302,1.000459707
4.487514302,1.000459707
-1.946838155,1.014749263
-1.946838155,1.014749263
-1.946838155,1.014749263
-1.946838155,1.014749263
-1.946838155,1.014749263
-1.946838155,1.014749263
-1.946838155,1.014749263
-1.946838155,1.014749263
-1.946838155,1.014749263
-1.946838155,1.014749263
2.130108813,1.017774026
2.130108813,1.017774026
2.130108813,1.017774026
2.130108813,1.017774026
2.130108813,1.017774026
2.130108813,1.017774026
2.130108813,1.017774026
2.130108813,1.017774026
2.130108813,1.017774026
2.130108813,1.017774026
1.891860676,1.019930554
1.891860676,1.019930554
1.891860676,1.019930554
1.891860676,1.019930554
1.891860676,1.019930554
1.891860676,1.019930554
1.891860676,1.019930554
1.891860676,1.019930554
1.891860676,1.019930554
1.891860676,1.019930554
2.380921537,1.023567331
2.380921537,1.023567331
2.380921537,1.023567331
2.380921537,1.023567331
2.380921537,1.023567331
2.380921537,1.023567331
2.380921537,1.023567331
2.380921537,1.023567331
2.380921537,1.023567331
2.380921537,1.023567331
0.683446386,1.032279745
0.683446386,1.032279745
0.683446386,1.032279745
0.683446386,1.032279745
0.683446386,1.032279745
0.683446386,1.032279745
0.683446386,1.032279745
0.683446386,1.032279745
0.683446386,1.032279745
0.683446386,1.032279745
3.603112164,1.046493163
3.603112164,1.046493163
3.603112164,1.046493163
3.603112164,1.046493163
3.603112164,1.046493163
3.603112164,1.046493163
3.603112164,1.046493163
3.603112164,1.046493163
3.603112164,1.046493163
3.603112164,1.046493163
-0.970077267,1.048262986
-0.970077267,1.048262986
-0.970077267,1.048262986
-0.970077267,1.048262986
-0.970077267,1.048262986
-0.970077267,1.048262986
-0.970077267,1.048262986
-0.970077267,1.048262986
-0.970077267,1.048262986
-0.970077267,1.048262986
1.470732021,1.057242638
1.470732021,1.057242638
1.470732021,1.057242638
1.470732021,1.057242638
1.470732021,1.057242638
1.470732021,1.057242638
1.470732021,1.057242638
1.470732021,1.057242638
1.470732021,1.057242638
1.470732021,1.057242638
-0.571856977,1.057503612
-0.571856977,1.057503612
-0.571856977,1.057503612
-0.571856977,1.057503612
-0.571856977,1.057503612
-0.571856977,1.057503612
-0.571856977,1.057503612
-0.571856977,1.057503612
-0.571856977,1.057503612
-0.571856977,1.057503612
0.374583798,1.058464685
0.374583798,1.058464685
0.374583798,1.058464685
0.374583798,1.058464685
0.374583798,1.058464685
0.374583798,1.058464685
0.374583798,1.058464685
0.374583798,1.058464685
0.374583798,1.058464685
0.374583798,1.058464685
1.577470161,1.05909515
1.577470161,1.05909515
1.577470161,1.05909515
1.577470161,1.05909515
1.577470161,1.05909515
1.577470161,1.05909515
1.577470161,1.05909515
1.577470161,1.05909515
1.577470161,1.05909515
1.577470161,1.05909515
-1.511614488,1.066792802
-1.511614488,1.066792802
-1.511614488,1.066792802
-1.511614488,1.066792802
-1.511614488,1.066792802
-1.511614488,1.066792802
-1.511614488,1.066792802
-1.511614488,1.066792802
-1.511614488,1.066792802
-1.511614488,1.066792802
1.142826133,1.069256238
1.142826133,1.069256238
1.142826133,1.069256238
1.142826133,1.069256238
1.142826133,1.069256238
1.142826133,1.069256238
1.142826133,1.069256238
1.142826133,1.069256238
1.142826133,1.069256238
1.142826133,1.069256238
1.520458893,1.070462175
1.520458893,1.070462175
1.520458893,1.070462175
1.520458893,1.070462175
1.520458893,1.070462175
1.520458893,1.070462175
1.520458893,1.070462175
1.520458893,1.070462175
1.520458893,1.070462175
1.520458893,1.070462175
0.237658065,1.074635995
0.237658065,1.074635995
0.237658065,1.074635995
0.237658065,1.074635995
0.237658065,1.074635995
0.237658065,1.074635995
0.237658065,1.074635995
0.237658065,1.074635995
0.237658065,1.074635995
0.237658065,1.074635995
0.222262989,1.077287108
0.222262989,1.077287108
0.222262989,1.077287108
0.222262989,1.077287108
0.222262989,1.077287108
0.222262989,1.077287108
0.222262989,1.077287108
0.222262989,1.077287108
0.222262989,1.077287108
0.222262989,1.077287108
0.182741356,1.088071393
0.182741356,1.088071393
0.182741356,1.088071393
0.182741356,1.088071393
0.182741356,1.088071393
0.182741356,1.088071393
0.182741356,1.088071393
0.182741356,1.088071393
0.182741356,1.088071393
0.182741356,1.088071393
1.332154058,1.105365478
1.332154058,1.105365478
1.332154058,1.105365478
1.332154058,1.105365478
1.332154058,1.105365478
1.332154058,1.105365478
1.332154058,1.105365478
1.332154058,1.105365478
1.332154058,1.105365478
1.332154058,1.105365478
2.067322468,1.110276626
2.067322468,1.110276626
2.067322468,1.110276626
2.067322468,1.110276626
2.067322468,1.110276626
2.067322468,1.110276626
2.067322468,1.110276626
2.067322468,1.110276626
2.067322468,1.110276626
2.067322468,1.110276626
3.051857441,1.1148434
3.051857441,1.1148434
3.051857441,1.1148434
3.051857441,1.1148434
3.051857441,1.1148434
3.051857441,1.1148434
3.051857441,1.1148434
3.051857441,1.1148434
3.051857441,1.1148434
3.051857441,1.1148434
-3.507855511,1.116615414
-3.507855511,1.116615414
-3.507855511,1.116615414
-3.507855511,1.116615414
-3.507855511,1.116615414
-3.507855511,1.116615414
-3.507855511,1.116615414
-3.507855511,1.116615414
-3.507855511,1.116615414
-3.507855511,1.116615414
0.325753672,1.126517927
0.325753672,1.126517927
0.325753672,1.126517927
0.325753672,1.126517927
0.325753672,1.126517927
0.325753672,1.126517927
0.325753672,1.126517927
0.325753672,1.126517927
0.325753672,1.126517927
0.325753672,1.126517927
-3.980926256,1.138387405
-3.980926256,1.138387405
-3.980926256,1.138387405
-3.980926256,1.138387405
-3.980926256,1.138387405
-3.980926256,1.138387405
-3.980926256,1.138387405
-3.980926256,1.138387405
-3.980926256,1.138387405
-3.980926256,1.138387405
1.939165952,1.14048201
1.939165952,1.14048201
1.939165952,1.14048201
1.939165952,1.14048201
1.939165952,1.14048201
1.939165952,1.14048201
1.939165952,1.14048201
1.939165952,1.14048201
1.939165952,1.14048201
1.939165952,1.14048201
8.392068977,1.142184058
8.392068977,1.142184058
8.392068977,1.142184058
8.392068977,1.142184058
8.392068977,1.142184058
8.392068977,1.142184058
8.392068977,1.142184058
8.392068977,1.142184058
8.392068977,1.142184058
8.392068977,1.142184058
0.321966761,1.151876208
0.321966761,1.151876208
0.321966761,1.151876208
0.321966761,1.151876208
0.321966761,1.151876208
0.321966761,1.151876208
0.321966761,1.151876208
0.321966761,1.151876208
0.321966761,1.151876208
0.321966761,1.151876208
-2.337550158,1.15504508
-2.337550158,1.15504508
-2.337550158,1.15504508
-2.337550158,1.15504508
-2.337550158,1.15504508
-2.337550158,1.15504508
-2.337550158,1.15504508
-2.337550158,1.15504508
-2.337550158,1.15504508
-2.337550158,1.15504508
3.666365565,1.156670115
3.666365565,1.156670115
3.666365565,1.156670115
3.666365565,1.156670115
3.666365565,1.156670115
3.666365565,1.156670115
3.666365565,1.156670115
3.666365565,1.156670115
3.666365565,1.156670115
3.666365565,1.156670115
-0.509933321,1.159020239
-0.509933321,1.159020239
-0.509933321,1.159020239
-0.509933321,1.159020239
-0.509933321,1.159020239
-0.509933321,1.159020239
-0.509933321,1.159020239
-0.509933321,1.159020239
-0.509933321,1.159020239
-0.509933321,1.159020239
2.291060985,1.162512631
2.291060985,1.162512631
2.291060985,1.162512631
2.291060985,1.162512631
2.291060985,1.162512631
2.291060985,1.162512631
2.291060985,1.162512631
2.291060985,1.162512631
2.291060985,1.162512631
2.291060985,1.162512631
-0.227353852,1.166660524
-0.227353852,1.166660524
-0.227353852,1.166660524
-0.227353852,1.166660524
-0.227353852,1.166660524
-0.227353852,1.166660524
-0.227353852,1.166660524
-0.227353852,1.166660524
-0.227353852,1.166660524
-0.227353852,1.166660524
-0.615978829,1.168897644
-0.615978829,1.168897644
-0.615978829,1.168897644
-0.615978829,1.168897644
-0.615978829,1.168897644
-0.615978829,1.168897644
-0.615978829,1.168897644
-0.615978829,1.168897644
-0.615978829,1.168897644
-0.615978829,1.168897644
0.835042756,1.169226077
0.835042756,1.169226077
0.835042756,1.169226077
0.835042756,1.169226077
0.835042756,1.169226077
0.835042756,1.169226077
0.835042756,1.169226077
0.835042756,1.169226077
0.835042756,1.169226077
0.835042756,1.169226077
0.89962877,1.182172474
0.89962877,1.182172474
0.89962877,1.182172474
0.89962877,1.182172474
0.89962877,1.182172474
0.89962877,1.182172474
0.89962877,1.182172474
0.89962877,1.182172474
0.89962877,1.182172474
0.89962877,1.182172474
1.356951845,1.194660611
1.356951845,1.194660611
1.356951845,1.194660611
1.356951845,1.194660611
1.356951845,1.194660611
1.356951845,1.194660611
1.356951845,1.194660611
1.356951845,1.194660611
1.356951845,1.194660611
1.356951845,1.194660611
0.738821521,1.199879862
0.738821521,1.199879862
0.738821521,1.199879862
0.738821521,1.199879862
0.738821521,1.199879862
0.738821521,1.199879862
0.738821521,1.199879862
0.738821521,1.199879862
0.738821521,1.199879862
0.738821521,1.199879862
-1.830586018,1.201903541
-1.830586018,1.201903541
-1.830586018,1.201903541
-1.830586018,1.201903541
-1.830586018,1.201903541
-1.830586018,1.201903541
-1.830586018,1.201903541
-1.830586018,1.201903541
-1.830586018,1.201903541
-1.830586018,1.201903541
4.174961015,1.205565477
4.174961015,1.205565477
4.174961015,1.205565477
4.174961015,1.205565477
4.174961015,1.205565477
4.174961015,1.205565477
4.174961015,1.205565477
4.174961015,1.205565477
4.174961015,1.205565477
4.174961015,1.205565477
0.973859183,1.206268404
0.973859183,1.206268404
0.973859183,1.206268404
0.973859183,1.206268404
0.973859183,1.206268404
0.973859183,1.206268404
0.973859183,1.206268404
0.973859183,1.206268404
0.973859183,1.206268404
0.973859183,1.206268404
0.064521989,1.215381133
0.064521989,1.215381133
0.064521989,1.215381133
0.064521989,1.215381133
0.064521989,1.215381133
0.064521989,1.215381133
0.064521989,1.215381133
0.064521989,1.215381133
0.064521989,1.215381133
0.064521989,1.215381133
1.478759514,1.218223632
1.478759514,1.218223632
1.478759514,1.218223632
1.478759514,1.218223632
1.478759514,1.218223632
1.478759514,1.218223632
1.478759514,1.218223632
1.478759514,1.218223632
1.478759514,1.218223632
1.478759514,1.218223632
-1.278114405,1.222396405
-1.278114405,1.222396405
-1.278114405,1.222396405
-1.278114405,1.222396405
-1.278114405,1.222396405
-1.278114405,1.222396405
-1.278114405,1.222396405
-1.278114405,1.222396405
-1.278114405,1.222396405
-1.278114405,1.222396405
1.663838375,1.223099066
1.663838375,1.223099066
1.663838375,1.223099066
1.663838375,1.223099066
1.663838375,1.223099066
1.663838375,1.223099066
1.663838375,1.223099066
1.663838375,1.223099066
1.663838375,1.223099066
1.663838375,1.223099066
2.403743103,1.22402126
2.403743103,1.22402126
2.403743103,1.22402126
2.403743103,1.22402126
2.403743103,1.22402126
2.403743103,1.22402126
2.403743103,1.22402126
2.403743103,1.22402126
2.403743103,1.22402126
2.403743103,1.22402126
1.809536633,1.229130864
1.809536633,1.229130864
1.809536633,1.229130864
1.809536633,1.229130864
1.809536633,1.229130864
1.809536633,1.229130864
1.809536633,1.229130864
1.809536633,1.229130864
1.809536633,1.229130864
1.809536633,1.229130864
-1.884992066,1.240260712
-1.884992066,1.240260712
-1.884992066,1.240260712
-1.884992066,1.240260712
-1.884992066,1.240260712
-1.884992066,1.240260712
-1.884992066,1.240260712
-1.884992066,1.240260712
-1.884992066,1.240260712
-1.884992066,1.240260712
-0.095955978,1.243510179
-0.095955978,1.243510179
-0.095955978,1.243510179
-0.095955978,1.243510179
-0.095955978,1.243510179
-0.095955978,1.243510179
-0.095955978,1.243510179
-0.095955978,1.243510179
-0.095955978,1.243510179
-0.095955978,1.243510179
2.971208352,1.245101564
2.971208352,1.245101564
2.971208352,1.245101564
2.971208352,1.245101564
2.971208352,1.245101564
2.971208352,1.245101564
2.971208352,1.245101564
2.971208352,1.245101564
2.971208352,1.245101564
2.971208352,1.245101564
0.415594128,1.249850013
0.415594128,1.249850013
0.415594128,1.249850013
0.415594128,1.249850013
0.415594128,1.249850013
0.415594128,1.249850013
0.415594128,1.249850013
0.415594128,1.249850013
0.415594128,1.249850013
0.415594128,1.249850013
-0.133380694,1.259101208
-0.133380694,1.259101208
-0.133380694,1.259101208
-0.133380694,1.259101208
-0.133380694,1.259101208
-0.133380694,1.259101208
-0.133380694,1.259101208
-0.133380694,1.259101208
-0.133380694,1.259101208
-0.133380694,1.259101208
2.476648096,1.264151905
2.476648096,1.264151905
2.476648096,1.264151905
2.476648096,1.264151905
2.476648096,1.264151905
2.476648096,1.264151905
2.476648096,1.264151905
2.476648096,1.264151905
2.476648096,1.264151905
2.476648096,1.264151905
1.297150217,1.271578425
1.297150217,1.271578425
1.297150217,1.271578425
1.297150217,1.271578425
1.297150217,1.271578425
1.297150217,1.271578425
1.297150217,1.271578425
1.297150217,1.271578425
1.297150217,1.271578425
1.297150217,1.271578425
3.229810768,1.283382529
3.229810768,1.283382529
3.229810768,1.283382529
3.229810768,1.283382529
3.229810768,1.283382529
3.229810768,1.283382529
3.229810768,1.283382529
3.229810768,1.283382529
3.229810768,1.283382529
3.229810768,1.283382529
-1.168861484,1.289502818
-1.168861484,1.289502818
-1.168861484,1.289502818
-1.168861484,1.289502818
-1.168861484,1.289502818
-1.168861484,1.289502818
-1.168861484,1.289502818
-1.168861484,1.289502818
-1.168861484,1.289502818
-1.168861484,1.289502818
0.146895786,1.293866344
0.146895786,1.293866344
0.146895786,1.293866344
0.146895786,1.293866344
0.146895786,1.293866344
0.146895786,1.293866344
0.146895786,1.293866344
0.146895786,1.293866344
0.146895786,1.293866344
0.146895786,1.293866344
3.849225947,1.293883574
3.849225947,1.293883574
3.849225947,1.293883574
3.849225947,1.293883574
3.849225947,1.293883574
3.849225947,1.293883574
3.849225947,1.293883574
3.849225947,1.293883574
3.849225947,1.293883574
3.849225947,1.293883574
0.930752269,1.294403946
0.930752269,1.294403946
0.930752269,1.294403946
0.930752269,1.294403946
0.930752269,1.294403946
0.930752269,1.294403946
0.930752269,1.294403946
0.930752269,1.294403946
0.930752269,1.294403946
0.930752269,1.294403946
0.271639205,1.30042854
0.271639205,1.30042854
0.271639205,1.30042854
0.271639205,1.30042854
0.271639205,1.30042854
0.271639205,1.30042854
0.271639205,1.30042854
0.271639205,1.30042854
0.271639205,1.30042854
0.271639205,1.30042854
2.542116445,1.300526843
2.542116445,1.300526843
2.542116445,1.300526843
2.542116445,1.300526843
2.542116445,1.300526843
2.542116445,1.300526843
2.542116445,1.300526843
2.542116445,1.300526843
2.542116445,1.300526843
2.542116445,1.300526843
0.910239411,1.305118923
0.910239411,1.305118923
0.910239411,1.305118923
0.910239411,1.305118923
0.910239411,1.305118923
0.910239411,1.305118923
0.910239411,1.305118923
0.910239411,1.305118923
0.910239411,1.305118923
0.910239411,1.305118923
0.529409869,1.314232534
0.529409869,1.314232534
0.529409869,1.314232534
0.529409869,1.314232534
0.529409869,1.314232534
0.529409869,1.314232534
0.529409869,1.314232534
0.529409869,1.314232534
0.529409869,1.314232534
0.529409869,1.314232534
2.13598482,1.317783165
2.13598482,1.317783165
2.13598482,1.317783165
2.13598482,1.317783165
2.13598482,1.317783165
2.13598482,1.317783165
2.13598482,1.317783165
2.13598482,1.317783165
2.13598482,1.317783165
2.13598482,1.317783165
3.39752417,1.322478718
3.39752417,1.322478718
3.39752417,1.322478718
3.39752417,1.322478718
3.39752417,1.322478718
3.39752417,1.322478718
3.39752417,1.322478718
3.39752417,1.322478718
3.39752417,1.322478718
3.39752417,1.322478718
0.005652535,1.32964568
0.005652535,1.32964568
0.005652535,1.32964568
0.005652535,1.32964568
0.005652535,1.32964568
0.005652535,1.32964568
0.005652535,1.32964568
0.005652535,1.32964568
0.005652535,1.32964568
0.005652535,1.32964568
-0.177146553,1.34121268
-0.177146553,1.34121268
-0.177146553,1.34121268
-0.177146553,1.34121268
-0.177146553,1.34121268
-0.177146553,1.34121268
-0.177146553,1.34121268
-0.177146553,1.34121268
-0.177146553,1.34121268
-0.177146553,1.34121268
-3.111674331,1.342247243
-3.111674331,1.342247243
-3.111674331,1.342247243
-3.111674331,1.342247243
-3.111674331,1.342247243
-3.111674331,1.342247243
-3.111674331,1.342247243
-3.111674331,1.342247243
-3.111674331,1.342247243
-3.111674331,1.342247243
-2.235430212,1.34401307
-2.235430212,1.34401307
-2.235430212,1.34401307
-2.235430212,1.34401307
-2.235430212,1.34401307
-2.235430212,1.34401307
-2.235430212,1.34401307
-2.235430212,1.34401307
-2.235430212,1.34401307
-2.235430212,1.34401307
3.21024559,1.352857557
3.21024559,1.352857557
3.21024559,1.352857557
3.21024559,1.352857557
3.21024559,1.352857557
3.21024559,1.352857557
3.21024559,1.352857557
3.21024559,1.352857557
3.21024559,1.352857557
3.21024559,1.352857557
4.814360553,1.361869931
4.814360553,1.361869931
4.814360553,1.361869931
4.814360553,1.361869931
4.814360553,1.361869931
4.814360553,1.361869931
4.814360553,1.361869931
4.814360553,1.361869931
4.814360553,1.361869931
4.814360553,1.361869931
0.252550739,1.368201174
0.252550739,1.368201174
0.252550739,1.368201174
0.252550739,1.368201174
0.252550739,1.368201174
0.252550739,1.368201174
0.252550739,1.368201174
0.252550739,1.368201174
0.252550739,1.368201174
0.252550739,1.368201174
-2.35803492,1.382127077
-2.35803492,1.382127077
-2.35803492,1.382127077
-2.35803492,1.382127077
-2.35803492,1.382127077
-2.35803492,1.382127077
-2.35803492,1.382127077
-2.35803492,1.382127077
-2.35803492,1.382127077
-2.35803492,1.382127077
1.334776491,1.382267435
1.334776491,1.382267435
1.334776491,1.382267435
1.334776491,1.382267435
1.334776491,1.382267435
1.334776491,1.382267435
1.334776491,1.382267435
1.334776491,1.382267435
1.334776491,1.382267435
1.334776491,1.382267435
0.721296634,1.385663216
0.721296634,1.385663216
0.721296634,1.385663216
0.721296634,1.385663216
0.721296634,1.385663216
0.721296634,1.385663216
0.721296634,1.385663216
0.721296634,1.385663216
0.721296634,1.385663216
0.721296634,1.385663216
-0.841286721,1.40131547
-0.841286721,1.40131547
-0.841286721,1.40131547
-0.841286721,1.40131547
-0.841286721,1.40131547
-0.841286721,1.40131547
-0.841286721,1.40131547
-0.841286721,1.40131547
-0.841286721,1.40131547
-0.841286721,1.40131547
-0.694299661,1.402241846
-0.694299661,1.402241846
-0.694299661,1.402241846
-0.694299661,1.402241846
-0.694299661,1.402241846
-0.694299661,1.402241846
-0.694299661,1.402241846
-0.694299661,1.402241846
-0.694299661,1.402241846
-0.694299661,1.402241846
-0.078211664,1.408930812
-0.078211664,1.408930812
-0.078211664,1.408930812
-0.078211664,1.408930812
-0.078211664,1.408930812
-0.078211664,1.408930812
-0.078211664,1.408930812
-0.078211664,1.408930812
-0.078211664,1.408930812
-0.078211664,1.408930812
-0.821037225,1.410759104
-0.821037225,1.410759104
-0.821037225,1.410759104
-0.821037225,1.410759104
-0.821037225,1.410759104
-0.821037225,1.410759104
-0.821037225,1.410759104
-0.821037225,1.410759104
-0.821037225,1.410759104
-0.821037225,1.410759104
18.075021,1.419329884
18.075021,1.419329884
18.075021,1.419329884
18.075021,1.419329884
18.075021,1.419329884
18.075021,1.419329884
18.075021,1.419329884
18.075021,1.419329884
18.075021,1.419329884
18.075021,1.419329884
0.860017189,1.423850635
0.860017189,1.423850635
0.860017189,1.423850635
0.860017189,1.423850635
0.860017189,1.423850635
0.860017189,1.423850635
0.860017189,1.423850635
0.860017189,1.423850635
0.860017189,1.423850635
0.860017189,1.423850635
-0.297873777,1.425001107
-0.297873777,1.425001107
-0.297873777,1.425001107
-0.297873777,1.425001107
-0.297873777,1.425001107
-0.297873777,1.425001107
-0.297873777,1.425001107
-0.297873777,1.425001107
-0.297873777,1.425001107
-0.297873777,1.425001107
-0.108434608,1.426717312
-0.108434608,1.426717312
-0.108434608,1.426717312
-0.108434608,1.426717312
-0.108434608,1.426717312
-0.108434608,1.426717312
-0.108434608,1.426717312
-0.108434608,1.426717312
-0.108434608,1.426717312
-0.108434608,1.426717312
2.438429432,1.442957168
2.438429432,1.442957168
2.438429432,1.442957168
2.438429432,1.442957168
2.438429432,1.442957168
2.438429432,1.442957168
2.438429432,1.442957168
2.438429432,1.442957168
2.438429432,1.442957168
2.438429432,1.442957168
0.894019992,1.453780056
-6.901537811,1.456284086
-6.901537811,1.456284086
-6.901537811,1.456284086
-6.901537811,1.456284086
-6.901537811,1.456284086
-6.901537811,1.456284086
-6.901537811,1.456284086
-6.901537811,1.456284086
-6.901537811,1.456284086
-6.901537811,1.456284086
1.184363119,1.46040181
1.184363119,1.46040181
1.184363119,1.46040181
1.184363119,1.46040181
1.184363119,1.46040181
1.184363119,1.46040181
1.184363119,1.46040181
1.184363119,1.46040181
1.184363119,1.46040181
1.184363119,1.46040181
2.727676904,1.47740142
2.727676904,1.47740142
2.727676904,1.47740142
2.727676904,1.47740142
2.727676904,1.47740142
2.727676904,1.47740142
2.727676904,1.47740142
2.727676904,1.47740142
2.727676904,1.47740142
2.727676904,1.47740142
1.447357562,1.47996691
1.447357562,1.47996691
1.447357562,1.47996691
1.447357562,1.47996691
1.447357562,1.47996691
1.447357562,1.47996691
1.447357562,1.47996691
1.447357562,1.47996691
1.447357562,1.47996691
1.447357562,1.47996691
-0.117250917,1.485588369
-0.117250917,1.485588369
-0.117250917,1.485588369
-0.117250917,1.485588369
-0.117250917,1.485588369
-0.117250917,1.485588369
-0.117250917,1.485588369
-0.117250917,1.485588369
-0.117250917,1.485588369
-0.117250917,1.485588369
-1.768918569,1.486424882
-1.768918569,1.486424882
-1.768918569,1.486424882
-1.768918569,1.486424882
-1.768918569,1.486424882
-1.768918569,1.486424882
-1.768918569,1.486424882
-1.768918569,1.486424882
-1.768918569,1.486424882
-1.768918569,1.486424882
-0.670089582,1.486765972
-0.670089582,1.486765972
-0.670089582,1.486765972
-0.670089582,1.486765972
-0.670089582,1.486765972
-0.670089582,1.486765972
-0.670089582,1.486765972
-0.670089582,1.486765972
-0.670089582,1.486765972
-0.670089582,1.486765972
0.574670589,1.487716702
0.574670589,1.487716702
0.574670589,1.487716702
0.574670589,1.487716702
0.574670589,1.487716702
0.574670589,1.487716702
0.574670589,1.487716702
0.574670589,1.487716702
0.574670589,1.487716702
0.574670589,1.487716702
2.323715467,1.494484449
2.323715467,1.494484449
2.323715467,1.494484449
2.323715467,1.494484449
2.323715467,1.494484449
2.323715467,1.494484449
2.323715467,1.494484449
2.323715467,1.494484449
2.323715467,1.494484449
2.323715467,1.494484449
0.864310904,1.495397571
0.864310904,1.495397571
0.864310904,1.495397571
0.864310904,1.495397571
0.864310904,1.495397571
0.864310904,1.495397571
0.864310904,1.495397571
0.864310904,1.495397571
0.864310904,1.495397571
0.864310904,1.495397571
-0.803667074,1.505294796
-0.803667074,1.505294796
-0.803667074,1.505294796
-0.803667074,1.505294796
-0.803667074,1.505294796
-0.803667074,1.505294796
-0.803667074,1.505294796
-0.803667074,1.505294796
-0.803667074,1.505294796
-0.803667074,1.505294796
-0.960033429,1.507258823
-0.960033429,1.507258823
-0.960033429,1.507258823
-0.960033429,1.507258823
-0.960033429,1.507258823
-0.960033429,1.507258823
-0.960033429,1.507258823
-0.960033429,1.507258823
-0.960033429,1.507258823
-0.960033429,1.507258823
-4.25056396,1.513498111
-4.25056396,1.513498111
-4.25056396,1.513498111
-4.25056396,1.513498111
-4.25056396,1.513498111
-4.25056396,1.513498111
-4.25056396,1.513498111
-4.25056396,1.513498111
-4.25056396,1.513498111
-4.25056396,1.513498111
15.43916181,1.514032328
15.43916181,1.514032328
15.43916181,1.514032328
15.43916181,1.514032328
15.43916181,1.514032328
15.43916181,1.514032328
15.43916181,1.514032328
15.43916181,1.514032328
15.43916181,1.514032328
15.43916181,1.514032328
-3.203632396,1.516940281
-3.203632396,1.516940281
-3.203632396,1.516940281
-3.203632396,1.516940281
-3.203632396,1.516940281
-3.203632396,1.516940281
-3.203632396,1.516940281
-3.203632396,1.516940281
-3.203632396,1.516940281
-3.203632396,1.516940281
-1.841870774,1.519716313
-1.841870774,1.519716313
-1.841870774,1.519716313
-1.841870774,1.519716313
-1.841870774,1.519716313
-1.841870774,1.519716313
-1.841870774,1.519716313
-1.841870774,1.519716313
-1.841870774,1.519716313
-1.841870774,1.519716313
-1.982014665,1.521554035
-1.982014665,1.521554035
-1.982014665,1.521554035
-1.982014665,1.521554035
-1.982014665,1.521554035
-1.982014665,1.521554035
-1.982014665,1.521554035
-1.982014665,1.521554035
-1.982014665,1.521554035
-1.982014665,1.521554035
-0.925841581,1.52576841
-0.925841581,1.52576841
-0.925841581,1.52576841
-0.925841581,1.52576841
-0.925841581,1.52576841
-0.925841581,1.52576841
-0.925841581,1.52576841
-0.925841581,1.52576841
-0.925841581,1.52576841
-0.925841581,1.52576841
1.345275013,1.526112485
1.345275013,1.526112485
1.345275013,1.526112485
1.345275013,1.526112485
1.345275013,1.526112485
1.345275013,1.526112485
1.345275013,1.526112485
1.345275013,1.526112485
1.345275013,1.526112485
1.345275013,1.526112485
-1.020737765,1.527311813
-1.020737765,1.527311813
-1.020737765,1.527311813
-1.020737765,1.527311813
-1.020737765,1.527311813
-1.020737765,1.527311813
-1.020737765,1.527311813
-1.020737765,1.527311813
-1.020737765,1.527311813
-1.020737765,1.527311813
-0.22386701,1.546374163
-0.22386701,1.546374163
-0.22386701,1.546374163
-0.22386701,1.546374163
-0.22386701,1.546374163
-0.22386701,1.546374163
-0.22386701,1.546374163
-0.22386701,1.546374163
-0.22386701,1.546374163
-0.22386701,1.546374163
0.898404484,1.554044698
0.898404484,1.554044698
0.898404484,1.554044698
0.898404484,1.554044698
0.898404484,1.554044698
0.898404484,1.554044698
0.898404484,1.554044698
0.898404484,1.554044698
0.898404484,1.554044698
0.898404484,1.554044698
3.790242398,1.554506524
3.790242398,1.554506524
3.790242398,1.554506524
3.790242398,1.554506524
3.790242398,1.554506524
3.790242398,1.554506524
3.790242398,1.554506524
3.790242398,1.554506524
3.790242398,1.554506524
3.790242398,1.554506524
1.108849333,1.555588277
1.108849333,1.555588277
1.108849333,1.555588277
1.108849333,1.555588277
1.108849333,1.555588277
1.108849333,1.555588277
1.108849333,1.555588277
1.108849333,1.555588277
1.108849333,1.555588277
1.108849333,1.555588277
0.32312491,1.55676765
0.32312491,1.55676765
0.32312491,1.55676765
0.32312491,1.55676765
0.32312491,1.55676765
0.32312491,1.55676765
0.32312491,1.55676765
0.32312491,1.55676765
0.32312491,1.55676765
0.32312491,1.55676765
-2.392778654,1.570653299
-2.392778654,1.570653299
-2.392778654,1.570653299
-2.392778654,1.570653299
-2.392778654,1.570653299
-2.392778654,1.570653299
-2.392778654,1.570653299
-2.392778654,1.570653299
-2.392778654,1.570653299
-2.392778654,1.570653299
1.104970029,1.571279562
1.104970029,1.571279562
1.104970029,1.571279562
1.104970029,1.571279562
1.104970029,1.571279562
1.104970029,1.571279562
1.104970029,1.571279562
1.104970029,1.571279562
1.104970029,1.571279562
1.104970029,1.571279562
-0.820575555,1.574724472
-0.820575555,1.574724472
-0.820575555,1.574724472
-0.820575555,1.574724472
-0.820575555,1.574724472
-0.820575555,1.574724472
-0.820575555,1.574724472
-0.820575555,1.574724472
-0.820575555,1.574724472
-0.820575555,1.574724472
-2.004945364,1.57561254
-2.004945364,1.57561254
-2.004945364,1.57561254
-2.004945364,1.57561254
-2.004945364,1.57561254
-2.004945364,1.57561254
-2.004945364,1.57561254
-2.004945364,1.57561254
-2.004945364,1.57561254
-2.004945364,1.57561254
0.163265335,1.57693806
0.163265335,1.57693806
0.163265335,1.57693806
0.163265335,1.57693806
0.163265335,1.57693806
0.163265335,1.57693806
0.163265335,1.57693806
0.163265335,1.57693806
0.163265335,1.57693806
0.163265335,1.57693806
-0.257724477,1.577283316
-0.257724477,1.577283316
-0.257724477,1.577283316
-0.257724477,1.577283316
-0.257724477,1.577283316
-0.257724477,1.577283316
-0.257724477,1.577283316
-0.257724477,1.577283316
-0.257724477,1.577283316
-0.257724477,1.577283316
1.738591634,1.577468293
1.738591634,1.577468293
1.738591634,1.577468293
1.738591634,1.577468293
1.738591634,1.577468293
1.738591634,1.577468293
1.738591634,1.577468293
1.738591634,1.577468293
1.738591634,1.577468293
1.738591634,1.577468293
2.150602806,1.590780457
2.150602806,1.590780457
2.150602806,1.590780457
2.150602806,1.590780457
2.150602806,1.590780457
2.150602806,1.590780457
2.150602806,1.590780457
2.150602806,1.590780457
2.150602806,1.590780457
2.150602806,1.590780457
2.419077684,1.595501467
2.419077684,1.595501467
2.419077684,1.595501467
2.419077684,1.595501467
2.419077684,1.595501467
2.419077684,1.595501467
2.419077684,1.595501467
2.419077684,1.595501467
2.419077684,1.595501467
2.419077684,1.595501467
1.145500183,1.603910948
1.145500183,1.603910948
1.145500183,1.603910948
1.145500183,1.603910948
1.145500183,1.603910948
1.145500183,1.603910948
1.145500183,1.603910948
1.145500183,1.603910948
1.145500183,1.603910948
1.145500183,1.603910948
0.249476867,1.604969466
0.249476867,1.604969466
0.249476867,1.604969466
0.249476867,1.604969466
0.249476867,1.604969466
0.249476867,1.604969466
0.249476867,1.604969466
0.249476867,1.604969466
0.249476867,1.604969466
0.249476867,1.604969466
3.313883196,1.609352565
3.313883196,1.609352565
3.313883196,1.609352565
3.313883196,1.609352565
3.313883196,1.609352565
3.313883196,1.609352565
3.313883196,1.609352565
3.313883196,1.609352565
3.313883196,1.609352565
3.313883196,1.609352565
0.59725011,1.610342953
0.59725011,1.610342953
0.59725011,1.610342953
0.59725011,1.610342953
0.59725011,1.610342953
0.59725011,1.610342953
0.59725011,1.610342953
0.59725011,1.610342953
0.59725011,1.610342953
0.59725011,1.610342953
-0.271561514,1.61936841
-0.271561514,1.61936841
-0.271561514,1.61936841
-0.271561514,1.61936841
-0.271561514,1.61936841
-0.271561514,1.61936841
-0.271561514,1.61936841
-0.271561514,1.61936841
-0.271561514,1.61936841
-0.271561514,1.61936841
5.253554387,1.620800863
5.253554387,1.620800863
5.253554387,1.620800863
5.253554387,1.620800863
5.253554387,1.620800863
5.253554387,1.620800863
5.253554387,1.620800863
5.253554387,1.620800863
5.253554387,1.620800863
5.253554387,1.620800863
-0.147186513,1.625482914
-0.147186513,1.625482914
-0.147186513,1.625482914
-0.147186513,1.625482914
-0.147186513,1.625482914
-0.147186513,1.625482914
-0.147186513,1.625482914
-0.147186513,1.625482914
-0.147186513,1.625482914
-0.147186513,1.625482914
-0.387103372,1.626030526
-0.387103372,1.626030526
-0.387103372,1.626030526
-0.387103372,1.626030526
-0.387103372,1.626030526
-0.387103372,1.626030526
-0.387103372,1.626030526
-0.387103372,1.626030526
-0.387103372,1.626030526
-0.387103372,1.626030526
-2.362817685,1.62868955
-2.362817685,1.62868955
-2.362817685,1.62868955
-2.362817685,1.62868955
-2.362817685,1.62868955
-2.362817685,1.62868955
-2.362817685,1.62868955
-2.362817685,1.62868955
-2.362817685,1.62868955
-2.362817685,1.62868955
0.240872516,1.63864099
0.240872516,1.63864099
0.240872516,1.63864099
0.240872516,1.63864099
0.240872516,1.63864099
0.240872516,1.63864099
0.240872516,1.63864099
0.240872516,1.63864099
0.240872516,1.63864099
0.240872516,1.63864099
1.651600824,1.642269472
1.651600824,1.642269472
1.651600824,1.642269472
1.651600824,1.642269472
1.651600824,1.642269472
1.651600824,1.642269472
1.651600824,1.642269472
1.651600824,1.642269472
1.651600824,1.642269472
1.651600824,1.642269472
2.548096984,1.644157862
2.548096984,1.644157862
2.548096984,1.644157862
2.548096984,1.644157862
2.548096984,1.644157862
2.548096984,1.644157862
2.548096984,1.644157862
2.548096984,1.644157862
2.548096984,1.644157862
2.548096984,1.644157862
1.07034771,1.645810247
1.07034771,1.645810247
1.07034771,1.645810247
1.07034771,1.645810247
1.07034771,1.645810247
1.07034771,1.645810247
1.07034771,1.645810247
1.07034771,1.645810247
1.07034771,1.645810247
1.07034771,1.645810247
0.393938095,1.646306352
0.393938095,1.646306352
0.393938095,1.646306352
0.393938095,1.646306352
0.393938095,1.646306352
0.393938095,1.646306352
0.393938095,1.646306352
0.393938095,1.646306352
0.393938095,1.646306352
0.393938095,1.646306352
-1.221201027,1.653084474
-1.221201027,1.653084474
-1.221201027,1.653084474
-1.221201027,1.653084474
-1.221201027,1.653084474
-1.221201027,1.653084474
-1.221201027,1.653084474
-1.221201027,1.653084474
-1.221201027,1.653084474
-1.221201027,1.653084474
-1.092434733,1.654257691
-1.092434733,1.654257691
-1.092434733,1.654257691
-1.092434733,1.654257691
-1.092434733,1.654257691
-1.092434733,1.654257691
-1.092434733,1.654257691
-1.092434733,1.654257691
-1.092434733,1.654257691
-1.092434733,1.654257691
-1.821065697,1.656527224
-1.821065697,1.656527224
-1.821065697,1.656527224
-1.821065697,1.656527224
-1.821065697,1.656527224
-1.821065697,1.656527224
-1.821065697,1.656527224
-1.821065697,1.656527224
-1.821065697,1.656527224
-1.821065697,1.656527224
2.863283912,1.666254595
2.863283912,1.666254595
2.863283912,1.666254595
2.863283912,1.666254595
2.863283912,1.666254595
2.863283912,1.666254595
2.863283912,1.666254595
2.863283912,1.666254595
2.863283912,1.666254595
2.863283912,1.666254595
-1.762680381,1.666637657
-1.762680381,1.666637657
-1.762680381,1.666637657
-1.762680381,1.666637657
-1.762680381,1.666637657
-1.762680381,1.666637657
-1.762680381,1.666637657
-1.762680381,1.666637657
-1.762680381,1.666637657
-1.762680381,1.666637657
1.92075264,1.669618201
1.92075264,1.669618201
1.92075264,1.669618201
1.92075264,1.669618201
1.92075264,1.669618201
1.92075264,1.669618201
1.92075264,1.669618201
1.92075264,1.669618201
1.92075264,1.669618201
1.92075264,1.669618201
1.480981823,1.677623117
1.480981823,1.677623117
1.480981823,1.677623117
1.480981823,1.677623117
1.480981823,1.677623117
1.480981823,1.677623117
1.480981823,1.677623117
1.480981823,1.677623117
1.480981823,1.677623117
1.480981823,1.677623117
-4.335307101,1.679627012
-4.335307101,1.679627012
-4.335307101,1.679627012
-4.335307101,1.679627012
-4.335307101,1.679627012
-4.335307101,1.679627012
-4.335307101,1.679627012
-4.335307101,1.679627012
-4.335307101,1.679627012
-4.335307101,1.679627012
1.111557858,1.683982488
1.111557858,1.683982488
1.111557858,1.683982488
1.111557858,1.683982488
1.111557858,1.683982488
1.111557858,1.683982488
1.111557858,1.683982488
1.111557858,1.683982488
1.111557858,1.683982488
1.111557858,1.683982488
2.193436661,1.695135695
2.193436661,1.695135695
2.193436661,1.695135695
2.193436661,1.695135695
2.193436661,1.695135695
2.193436661,1.695135695
2.193436661,1.695135695
2.193436661,1.695135695
2.193436661,1.695135695
2.193436661,1.695135695
-1.244354732,1.696184835
-1.244354732,1.696184835
-1.244354732,1.696184835
-1.244354732,1.696184835
-1.244354732,1.696184835
-1.244354732,1.696184835
-1.244354732,1.696184835
-1.244354732,1.696184835
-1.244354732,1.696184835
-1.244354732,1.696184835
-0.378219311,1.698932849
-0.378219311,1.698932849
-0.378219311,1.698932849
-0.378219311,1.698932849
-0.378219311,1.698932849
-0.378219311,1.698932849
-0.378219311,1.698932849
-0.378219311,1.698932849
-0.378219311,1.698932849
-0.378219311,1.698932849
-0.391432729,1.699354073
-0.391432729,1.699354073
-0.391432729,1.699354073
-0.391432729,1.699354073
-0.391432729,1.699354073
-0.391432729,1.699354073
-0.391432729,1.699354073
-0.391432729,1.699354073
-0.391432729,1.699354073
-0.391432729,1.699354073
-2.92978496,1.708011255
-2.92978496,1.708011255
-2.92978496,1.708011255
-2.92978496,1.708011255
-2.92978496,1.708011255
-2.92978496,1.708011255
-2.92978496,1.708011255
-2.92978496,1.708011255
-2.92978496,1.708011255
-2.92978496,1.708011255
2.959589363,1.71667468
2.959589363,1.71667468
2.959589363,1.71667468
2.959589363,1.71667468
2.959589363,1.71667468
2.959589363,1.71667468
2.959589363,1.71667468
2.959589363,1.71667468
2.959589363,1.71667468
2.959589363,1.71667468
-0.086993629,1.72787679
-0.086993629,1.72787679
-0.086993629,1.72787679
-0.086993629,1.72787679
-0.086993629,1.72787679
-0.086993629,1.72787679
-0.086993629,1.72787679
-0.086993629,1.72787679
-0.086993629,1.72787679
-0.086993629,1.72787679
-0.72224595,1.728040689
-0.72224595,1.728040689
-0.72224595,1.728040689
-0.72224595,1.728040689
-0.72224595,1.728040689
-0.72224595,1.728040689
-0.72224595,1.728040689
-0.72224595,1.728040689
-0.72224595,1.728040689
-0.72224595,1.728040689
-0.767595916,1.738672259
-0.767595916,1.738672259
-0.767595916,1.738672259
-0.767595916,1.738672259
-0.767595916,1.738672259
-0.767595916,1.738672259
-0.767595916,1.738672259
-0.767595916,1.738672259
-0.767595916,1.738672259
-0.767595916,1.738672259
0.837800224,1.739230775
0.837800224,1.739230775
0.837800224,1.739230775
0.837800224,1.739230775
0.837800224,1.739230775
0.837800224,1.739230775
0.837800224,1.739230775
0.837800224,1.739230775
0.837800224,1.739230775
0.837800224,1.739230775
2.125794494,1.741147064
2.125794494,1.741147064
2.125794494,1.741147064
2.125794494,1.741147064
2.125794494,1.741147064
2.125794494,1.741147064
2.125794494,1.741147064
2.125794494,1.741147064
2.125794494,1.741147064
2.125794494,1.741147064
-0.021057678,1.743846843
-0.021057678,1.743846843
-0.021057678,1.743846843
-0.021057678,1.743846843
-0.021057678,1.743846843
-0.021057678,1.743846843
-0.021057678,1.743846843
-0.021057678,1.743846843
-0.021057678,1.743846843
-0.021057678,1.743846843
4.190087031,1.757645535
4.190087031,1.757645535
4.190087031,1.757645535
4.190087031,1.757645535
4.190087031,1.757645535
4.190087031,1.757645535
4.190087031,1.757645535
4.190087031,1.757645535
4.190087031,1.757645535
4.190087031,1.757645535
0.438678742,1.760957488
0.438678742,1.760957488
0.438678742,1.760957488
0.438678742,1.760957488
0.438678742,1.760957488
0.438678742,1.760957488
0.438678742,1.760957488
0.438678742,1.760957488
0.438678742,1.760957488
0.438678742,1.760957488
-3.107055579,1.7687121
-3.107055579,1.7687121
-3.107055579,1.7687121
-3.107055579,1.7687121
-3.107055579,1.7687121
-3.107055579,1.7687121
-3.107055579,1.7687121
-3.107055579,1.7687121
-3.107055579,1.7687121
-3.107055579,1.7687121
1.067980913,1.772956835
1.067980913,1.772956835
1.067980913,1.772956835
1.067980913,1.772956835
1.067980913,1.772956835
1.067980913,1.772956835
1.067980913,1.772956835
1.067980913,1.772956835
1.067980913,1.772956835
1.067980913,1.772956835
1.53056346,1.775146477
1.53056346,1.775146477
1.53056346,1.775146477
1.53056346,1.775146477
1.53056346,1.775146477
1.53056346,1.775146477
1.53056346,1.775146477
1.53056346,1.775146477
1.53056346,1.775146477
1.53056346,1.775146477
3.807579526,1.775152597
3.807579526,1.775152597
3.807579526,1.775152597
3.807579526,1.775152597
3.807579526,1.775152597
3.807579526,1.775152597
3.807579526,1.775152597
3.807579526,1.775152597
3.807579526,1.775152597
3.807579526,1.775152597
-0.287917596,1.779276776
-0.287917596,1.779276776
-0.287917596,1.779276776
-0.287917596,1.779276776
-0.287917596,1.779276776
-0.287917596,1.779276776
-0.287917596,1.779276776
-0.287917596,1.779276776
-0.287917596,1.779276776
-0.287917596,1.779276776
0.274768766,1.811017298
0.274768766,1.811017298
0.274768766,1.811017298
0.274768766,1.811017298
0.274768766,1.811017298
0.274768766,1.811017298
0.274768766,1.811017298
0.274768766,1.811017298
0.274768766,1.811017298
0.274768766,1.811017298
-2.684390512,1.81898528
-2.684390512,1.81898528
-2.684390512,1.81898528
-2.684390512,1.81898528
-2.684390512,1.81898528
-2.684390512,1.81898528
-2.684390512,1.81898528
-2.684390512,1.81898528
-2.684390512,1.81898528
-2.684390512,1.81898528
1.844477244,1.829366848
1.844477244,1.829366848
1.844477244,1.829366848
1.844477244,1.829366848
1.844477244,1.829366848
1.844477244,1.829366848
1.844477244,1.829366848
1.844477244,1.829366848
1.844477244,1.829366848
1.844477244,1.829366848
4.430950209,1.839548265
4.430950209,1.839548265
4.430950209,1.839548265
4.430950209,1.839548265
4.430950209,1.839548265
4.430950209,1.839548265
4.430950209,1.839548265
4.430950209,1.839548265
4.430950209,1.839548265
4.430950209,1.839548265
-1.775160468,1.861235397
-1.775160468,1.861235397
-1.775160468,1.861235397
-1.775160468,1.861235397
-1.775160468,1.861235397
-1.775160468,1.861235397
-1.775160468,1.861235397
-1.775160468,1.861235397
-1.775160468,1.861235397
-1.775160468,1.861235397
0.445573093,1.863478818
0.445573093,1.863478818
0.445573093,1.863478818
0.445573093,1.863478818
0.445573093,1.863478818
0.445573093,1.863478818
0.445573093,1.863478818
0.445573093,1.863478818
0.445573093,1.863478818
0.445573093,1.863478818
5.500253055,1.864238862
5.500253055,1.864238862
5.500253055,1.864238862
5.500253055,1.864238862
5.500253055,1.864238862
5.500253055,1.864238862
5.500253055,1.864238862
5.500253055,1.864238862
5.500253055,1.864238862
5.500253055,1.864238862
1.80222994,1.867833854
1.80222994,1.867833854
1.80222994,1.867833854
1.80222994,1.867833854
1.80222994,1.867833854
1.80222994,1.867833854
1.80222994,1.867833854
1.80222994,1.867833854
1.80222994,1.867833854
1.80222994,1.867833854
-3.49957813,1.869071311
-3.49957813,1.869071311
-3.49957813,1.869071311
-3.49957813,1.869071311
-3.49957813,1.869071311
-3.49957813,1.869071311
-3.49957813,1.869071311
-3.49957813,1.869071311
-3.49957813,1.869071311
-3.49957813,1.869071311
-1.205056047,1.87083236
-1.205056047,1.87083236
-1.205056047,1.87083236
-1.205056047,1.87083236
-1.205056047,1.87083236
-1.205056047,1.87083236
-1.205056047,1.87083236
-1.205056047,1.87083236
-1.205056047,1.87083236
-1.205056047,1.87083236
-1.982194819,1.872102755
-1.982194819,1.872102755
-1.982194819,1.872102755
-1.982194819,1.872102755
-1.982194819,1.872102755
-1.982194819,1.872102755
-1.982194819,1.872102755
-1.982194819,1.872102755
-1.982194819,1.872102755
-1.982194819,1.872102755
5.246263043,1.87286349
5.246263043,1.87286349
5.246263043,1.87286349
5.246263043,1.87286349
5.246263043,1.87286349
5.246263043,1.87286349
5.246263043,1.87286349
5.246263043,1.87286349
5.246263043,1.87286349
5.246263043,1.87286349
0.130286008,1.88087469
0.130286008,1.88087469
0.130286008,1.88087469
0.130286008,1.88087469
0.130286008,1.88087469
0.130286008,1.88087469
0.130286008,1.88087469
0.130286008,1.88087469
0.130286008,1.88087469
0.130286008,1.88087469
-0.646000084,1.885624028
-0.646000084,1.885624028
-0.646000084,1.885624028
-0.646000084,1.885624028
-0.646000084,1.885624028
-0.646000084,1.885624028
-0.646000084,1.885624028
-0.646000084,1.885624028
-0.646000084,1.885624028
-0.646000084,1.885624028
2.017001899,1.905693919
2.017001899,1.905693919
2.017001899,1.905693919
2.017001899,1.905693919
2.017001899,1.905693919
2.017001899,1.905693919
2.017001899,1.905693919
2.017001899,1.905693919
2.017001899,1.905693919
2.017001899,1.905693919
-3.504385525,1.911065948
-3.504385525,1.911065948
-3.504385525,1.911065948
-3.504385525,1.911065948
-3.504385525,1.911065948
-3.504385525,1.911065948
-3.504385525,1.911065948
-3.504385525,1.911065948
-3.504385525,1.911065948
-3.504385525,1.911065948
5.060102599,1.914668687
5.060102599,1.914668687
5.060102599,1.914668687
5.060102599,1.914668687
5.060102599,1.914668687
5.060102599,1.914668687
5.060102599,1.914668687
5.060102599,1.914668687
5.060102599,1.914668687
5.060102599,1.914668687
0.90038499,1.914869801
0.90038499,1.914869801
0.90038499,1.914869801
0.90038499,1.914869801
0.90038499,1.914869801
0.90038499,1.914869801
0.90038499,1.914869801
0.90038499,1.914869801
0.90038499,1.914869801
0.90038499,1.914869801
-2.586581202,1.915808196
-2.586581202,1.915808196
-2.586581202,1.915808196
-2.586581202,1.915808196
-2.586581202,1.915808196
-2.586581202,1.915808196
-2.586581202,1.915808196
-2.586581202,1.915808196
-2.586581202,1.915808196
-2.586581202,1.915808196
0.448152165,1.921156842
0.448152165,1.921156842
0.448152165,1.921156842
0.448152165,1.921156842
0.448152165,1.921156842
0.448152165,1.921156842
0.448152165,1.921156842
0.448152165,1.921156842
0.448152165,1.921156842
0.448152165,1.921156842
-3.334906549,1.922555726
-3.334906549,1.922555726
-3.334906549,1.922555726
-3.334906549,1.922555726
-3.334906549,1.922555726
-3.334906549,1.922555726
-3.334906549,1.922555726
-3.334906549,1.922555726
-3.334906549,1.922555726
-3.334906549,1.922555726
-1.797201827,1.935607077
-1.797201827,1.935607077
-1.797201827,1.935607077
-1.797201827,1.935607077
-1.797201827,1.935607077
-1.797201827,1.935607077
-1.797201827,1.935607077
-1.797201827,1.935607077
-1.797201827,1.935607077
-1.797201827,1.935607077
1.056381773,1.937018557
1.056381773,1.937018557
1.056381773,1.937018557
1.056381773,1.937018557
1.056381773,1.937018557
1.056381773,1.937018557
1.056381773,1.937018557
1.056381773,1.937018557
1.056381773,1.937018557
1.056381773,1.937018557
2.980790421,1.93741835
2.980790421,1.93741835
2.980790421,1.93741835
2.980790421,1.93741835
2.980790421,1.93741835
2.980790421,1.93741835
2.980790421,1.93741835
2.980790421,1.93741835
2.980790421,1.93741835
2.980790421,1.93741835
-1.286601591,1.948921369
-1.286601591,1.948921369
-1.286601591,1.948921369
-1.286601591,1.948921369
-1.286601591,1.948921369
-1.286601591,1.948921369
-1.286601591,1.948921369
-1.286601591,1.948921369
-1.286601591,1.948921369
-1.286601591,1.948921369
-4.631604193,1.968915767
-4.631604193,1.968915767
-4.631604193,1.968915767
-4.631604193,1.968915767
-4.631604193,1.968915767
-4.631604193,1.968915767
-4.631604193,1.968915767
-4.631604193,1.968915767
-4.631604193,1.968915767
-4.631604193,1.968915767
-5.697696288,1.970338272
-5.697696288,1.970338272
-5.697696288,1.970338272
-5.697696288,1.970338272
-5.697696288,1.970338272
-5.697696288,1.970338272
-5.697696288,1.970338272
-5.697696288,1.970338272
-5.697696288,1.970338272
-5.697696288,1.970338272
0.783425816,1.973924234
0.783425816,1.973924234
0.783425816,1.973924234
0.783425816,1.973924234
0.783425816,1.973924234
0.783425816,1.973924234
0.783425816,1.973924234
0.783425816,1.973924234
0.783425816,1.973924234
0.783425816,1.973924234
-2.16486198,1.976386781
-2.16486198,1.976386781
-2.16486198,1.976386781
-2.16486198,1.976386781
-2.16486198,1.976386781
-2.16486198,1.976386781
-2.16486198,1.976386781
-2.16486198,1.976386781
-2.16486198,1.976386781
-2.16486198,1.976386781
2.590693349,1.97800462
2.590693349,1.97800462
2.590693349,1.97800462
2.590693349,1.97800462
2.590693349,1.97800462
2.590693349,1.97800462
2.590693349,1.97800462
2.590693349,1.97800462
2.590693349,1.97800462
2.590693349,1.97800462
-0.259665015,1.978139967
-0.259665015,1.978139967
-0.259665015,1.978139967
-0.259665015,1.978139967
-0.259665015,1.978139967
-0.259665015,1.978139967
-0.259665015,1.978139967
-0.259665015,1.978139967
-0.259665015,1.978139967
-0.259665015,1.978139967
-1.002594905,1.980907968
-1.002594905,1.980907968
-1.002594905,1.980907968
-1.002594905,1.980907968
-1.002594905,1.980907968
-1.002594905,1.980907968
-1.002594905,1.980907968
-1.002594905,1.980907968
-1.002594905,1.980907968
-1.002594905,1.980907968
1.217521864,1.981479384
1.217521864,1.981479384
1.217521864,1.981479384
1.217521864,1.981479384
1.217521864,1.981479384
1.217521864,1.981479384
1.217521864,1.981479384
1.217521864,1.981479384
1.217521864,1.981479384
1.217521864,1.981479384
1.13839931,1.983916337
1.13839931,1.983916337
1.13839931,1.983916337
1.13839931,1.983916337
1.13839931,1.983916337
1.13839931,1.983916337
1.13839931,1.983916337
1.13839931,1.983916337
1.13839931,1.983916337
1.13839931,1.983916337
0.606791799,1.984465377
0.606791799,1.984465377
0.606791799,1.984465377
0.606791799,1.984465377
0.606791799,1.984465377
0.606791799,1.984465377
0.606791799,1.984465377
0.606791799,1.984465377
0.606791799,1.984465377
0.606791799,1.984465377
-0.099438851,1.993802589
-0.099438851,1.993802589
-0.099438851,1.993802589
-0.099438851,1.993802589
-0.099438851,1.993802589
-0.099438851,1.993802589
-0.099438851,1.993802589
-0.099438851,1.993802589
-0.099438851,1.993802589
-0.099438851,1.993802589
1.228145182,2.001880814
1.228145182,2.001880814
1.228145182,2.001880814
1.228145182,2.001880814
1.228145182,2.001880814
1.228145182,2.001880814
1.228145182,2.001880814
1.228145182,2.001880814
1.228145182,2.001880814
1.228145182,2.001880814
1.135988292,2.016157899
1.135988292,2.016157899
1.135988292,2.016157899
1.135988292,2.016157899
1.135988292,2.016157899
1.135988292,2.016157899
1.135988292,2.016157899
1.135988292,2.016157899
1.135988292,2.016157899
1.135988292,2.016157899
1.094033849,2.02067057
1.094033849,2.02067057
1.094033849,2.02067057
1.094033849,2.02067057
1.094033849,2.02067057
1.094033849,2.02067057
1.094033849,2.02067057
1.094033849,2.02067057
1.094033849,2.02067057
1.094033849,2.02067057
-1.949288809,2.052636527
-1.949288809,2.052636527
-1.949288809,2.052636527
-1.949288809,2.052636527
-1.949288809,2.052636527
-1.949288809,2.052636527
-1.949288809,2.052636527
-1.949288809,2.052636527
-1.949288809,2.052636527
-1.949288809,2.052636527
1.804086524,2.05790267
1.804086524,2.05790267
1.804086524,2.05790267
1.804086524,2.05790267
1.804086524,2.05790267
1.804086524,2.05790267
1.804086524,2.05790267
1.804086524,2.05790267
1.804086524,2.05790267
1.804086524,2.05790267
-0.655294816,2.061743148
-0.655294816,2.061743148
-0.655294816,2.061743148
-0.655294816,2.061743148
-0.655294816,2.061743148
-0.655294816,2.061743148
-0.655294816,2.061743148
-0.655294816,2.061743148
-0.655294816,2.061743148
-0.655294816,2.061743148
0.180546653,2.063404502
0.180546653,2.063404502
0.180546653,2.063404502
0.180546653,2.063404502
0.180546653,2.063404502
0.180546653,2.063404502
0.180546653,2.063404502
0.180546653,2.063404502
0.180546653,2.063404502
0.180546653,2.063404502
0.842768045,2.085915463
0.842768045,2.085915463
0.842768045,2.085915463
0.842768045,2.085915463
0.842768045,2.085915463
0.842768045,2.085915463
0.842768045,2.085915463
0.842768045,2.085915463
0.842768045,2.085915463
0.842768045,2.085915463
-0.647559867,2.090735448
-0.647559867,2.090735448
-0.647559867,2.090735448
-0.647559867,2.090735448
-0.647559867,2.090735448
-0.647559867,2.090735448
-0.647559867,2.090735448
-0.647559867,2.090735448
-0.647559867,2.090735448
-0.647559867,2.090735448
0.717085015,2.143112568
0.717085015,2.143112568
0.717085015,2.143112568
0.717085015,2.143112568
0.717085015,2.143112568
0.717085015,2.143112568
0.717085015,2.143112568
0.717085015,2.143112568
0.717085015,2.143112568
0.717085015,2.143112568
-0.145341337,2.154297657
-0.145341337,2.154297657
-0.145341337,2.154297657
-0.145341337,2.154297657
-0.145341337,2.154297657
-0.145341337,2.154297657
-0.145341337,2.154297657
-0.145341337,2.154297657
-0.145341337,2.154297657
-0.145341337,2.154297657
0.846323859,2.154865342
0.846323859,2.154865342
0.846323859,2.154865342
0.846323859,2.154865342
0.846323859,2.154865342
0.846323859,2.154865342
0.846323859,2.154865342
0.846323859,2.154865342
0.846323859,2.154865342
0.846323859,2.154865342
0.051384235,2.15588019
0.051384235,2.15588019
0.051384235,2.15588019
0.051384235,2.15588019
0.051384235,2.15588019
0.051384235,2.15588019
0.051384235,2.15588019
0.051384235,2.15588019
0.051384235,2.15588019
0.051384235,2.15588019
-3.083762601,2.158928942
-3.083762601,2.158928942
-3.083762601,2.158928942
-3.083762601,2.158928942
-3.083762601,2.158928942
-3.083762601,2.158928942
-3.083762601,2.158928942
-3.083762601,2.158928942
-3.083762601,2.158928942
-3.083762601,2.158928942
-0.736861254,2.160248485
-0.736861254,2.160248485
-0.736861254,2.160248485
-0.736861254,2.160248485
-0.736861254,2.160248485
-0.736861254,2.160248485
-0.736861254,2.160248485
-0.736861254,2.160248485
-0.736861254,2.160248485
-0.736861254,2.160248485
0.621621269,2.162947362
0.621621269,2.162947362
0.621621269,2.162947362
0.621621269,2.162947362
0.621621269,2.162947362
0.621621269,2.162947362
0.621621269,2.162947362
0.621621269,2.162947362
0.621621269,2.162947362
0.621621269,2.162947362
0.554662519,2.183044849
0.554662519,2.183044849
0.554662519,2.183044849
0.554662519,2.183044849
0.554662519,2.183044849
0.554662519,2.183044849
0.554662519,2.183044849
0.554662519,2.183044849
0.554662519,2.183044849
0.554662519,2.183044849
-0.144169272,2.189195938
-0.144169272,2.189195938
-0.144169272,2.189195938
-0.144169272,2.189195938
-0.144169272,2.189195938
-0.144169272,2.189195938
-0.144169272,2.189195938
-0.144169272,2.189195938
-0.144169272,2.189195938
-0.144169272,2.189195938
-4.239892839,2.194527983
-4.239892839,2.194527983
-4.239892839,2.194527983
-4.239892839,2.194527983
-4.239892839,2.194527983
-4.239892839,2.194527983
-4.239892839,2.194527983
-4.239892839,2.194527983
-4.239892839,2.194527983
-4.239892839,2.194527983
-4.902907747,2.200329538
-4.902907747,2.200329538
-4.902907747,2.200329538
-4.902907747,2.200329538
-4.902907747,2.200329538
-4.902907747,2.200329538
-4.902907747,2.200329538
-4.902907747,2.200329538
-4.902907747,2.200329538
-4.902907747,2.200329538
-2.975311105,2.223773323
-2.975311105,2.223773323
-2.975311105,2.223773323
-2.975311105,2.223773323
-2.975311105,2.223773323
-2.975311105,2.223773323
-2.975311105,2.223773323
-2.975311105,2.223773323
-2.975311105,2.223773323
-2.975311105,2.223773323
-1.960722203,2.225122981
-1.960722203,2.225122981
-1.960722203,2.225122981
-1.960722203,2.225122981
-1.960722203,2.225122981
-1.960722203,2.225122981
-1.960722203,2.225122981
-1.960722203,2.225122981
-1.960722203,2.225122981
-1.960722203,2.225122981
1.75537663,2.24565603
1.75537663,2.24565603
1.75537663,2.24565603
1.75537663,2.24565603
1.75537663,2.24565603
1.75537663,2.24565603
1.75537663,2.24565603
1.75537663,2.24565603
1.75537663,2.24565603
1.75537663,2.24565603
6.561624034,2.262449785
6.561624034,2.262449785
6.561624034,2.262449785
6.561624034,2.262449785
6.561624034,2.262449785
6.561624034,2.262449785
6.561624034,2.262449785
6.561624034,2.262449785
6.561624034,2.262449785
6.561624034,2.262449785
-0.224202291,2.267521656
-0.224202291,2.267521656
-0.224202291,2.267521656
-0.224202291,2.267521656
-0.224202291,2.267521656
-0.224202291,2.267521656
-0.224202291,2.267521656
-0.224202291,2.267521656
-0.224202291,2.267521656
-0.224202291,2.267521656
0.848142458,2.270830226
0.848142458,2.270830226
0.848142458,2.270830226
0.848142458,2.270830226
0.848142458,2.270830226
0.848142458,2.270830226
0.848142458,2.270830226
0.848142458,2.270830226
0.848142458,2.270830226
0.848142458,2.270830226
-1.094376482,2.282255279
-1.094376482,2.282255279
-1.094376482,2.282255279
1.959287603,2.310438884
1.959287603,2.310438884
1.959287603,2.310438884
1.959287603,2.310438884
1.959287603,2.310438884
1.959287603,2.310438884
1.959287603,2.310438884
1.959287603,2.310438884
1.959287603,2.310438884
1.959287603,2.310438884
0.354370012,2.311575972
0.354370012,2.311575972
0.354370012,2.311575972
0.354370012,2.311575972
0.354370012,2.311575972
0.354370012,2.311575972
0.354370012,2.311575972
0.354370012,2.311575972
0.354370012,2.311575972
0.354370012,2.311575972
-1.855503042,2.32424882
-1.855503042,2.32424882
-1.855503042,2.32424882
-1.855503042,2.32424882
-1.855503042,2.32424882
-1.855503042,2.32424882
-1.855503042,2.32424882
-1.855503042,2.32424882
-1.855503042,2.32424882
-1.855503042,2.32424882
-1.136652689,2.32451351
-1.136652689,2.32451351
-1.136652689,2.32451351
-1.136652689,2.32451351
-1.136652689,2.32451351
-1.136652689,2.32451351
-1.136652689,2.32451351
-1.136652689,2.32451351
-1.136652689,2.32451351
-1.136652689,2.32451351
-3.434113677,2.34590945
-3.434113677,2.34590945
-3.434113677,2.34590945
-3.434113677,2.34590945
-3.434113677,2.34590945
-3.434113677,2.34590945
-3.434113677,2.34590945
-3.434113677,2.34590945
-3.434113677,2.34590945
-3.434113677,2.34590945
1.0815934,2.347108789
1.0815934,2.347108789
1.0815934,2.347108789
1.0815934,2.347108789
1.0815934,2.347108789
1.0815934,2.347108789
1.0815934,2.347108789
1.0815934,2.347108789
1.0815934,2.347108789
1.0815934,2.347108789
-1.198998084,2.354814421
-1.198998084,2.354814421
-1.198998084,2.354814421
-1.198998084,2.354814421
-2.73187114,2.363860974
-2.73187114,2.363860974
-2.73187114,2.363860974
-2.73187114,2.363860974
-2.73187114,2.363860974
-2.73187114,2.363860974
-2.73187114,2.363860974
-2.73187114,2.363860974
-2.73187114,2.363860974
-2.73187114,2.363860974
-3.757096183,2.409876108
-3.757096183,2.409876108
-3.757096183,2.409876108
-3.757096183,2.409876108
-3.757096183,2.409876108
-3.757096183,2.409876108
-3.757096183,2.409876108
-3.757096183,2.409876108
-3.757096183,2.409876108
-3.757096183,2.409876108
1.27706229,2.413840081
1.27706229,2.413840081
1.27706229,2.413840081
1.27706229,2.413840081
1.27706229,2.413840081
1.27706229,2.413840081
1.27706229,2.413840081
1.27706229,2.413840081
1.27706229,2.413840081
1.27706229,2.413840081
0.19937966,2.415398076
0.19937966,2.415398076
0.19937966,2.415398076
0.19937966,2.415398076
0.19937966,2.415398076
0.19937966,2.415398076
0.19937966,2.415398076
0.19937966,2.415398076
0.19937966,2.415398076
0.19937966,2.415398076
0.711924425,2.418748372
0.711924425,2.418748372
0.711924425,2.418748372
0.711924425,2.418748372
0.711924425,2.418748372
0.711924425,2.418748372
0.711924425,2.418748372
0.711924425,2.418748372
0.711924425,2.418748372
0.711924425,2.418748372
0.460833697,2.425705725
0.460833697,2.425705725
0.460833697,2.425705725
0.460833697,2.425705725
0.460833697,2.425705725
0.460833697,2.425705725
0.460833697,2.425705725
0.460833697,2.425705725
0.460833697,2.425705725
0.460833697,2.425705725
3.052333995,2.44673415
3.052333995,2.44673415
3.052333995,2.44673415
3.052333995,2.44673415
3.052333995,2.44673415
3.052333995,2.44673415
3.052333995,2.44673415
3.052333995,2.44673415
3.052333995,2.44673415
3.052333995,2.44673415
-2.721318014,2.458234217
-2.721318014,2.458234217
-2.721318014,2.458234217
-2.721318014,2.458234217
-2.721318014,2.458234217
-2.721318014,2.458234217
-2.721318014,2.458234217
-2.721318014,2.458234217
-2.721318014,2.458234217
-2.721318014,2.458234217
0.714937033,2.465405337
0.714937033,2.465405337
0.714937033,2.465405337
0.714937033,2.465405337
0.714937033,2.465405337
0.714937033,2.465405337
0.714937033,2.465405337
0.714937033,2.465405337
0.714937033,2.465405337
0.714937033,2.465405337
3.234689898,2.47244129
3.234689898,2.47244129
3.234689898,2.47244129
3.234689898,2.47244129
3.234689898,2.47244129
3.234689898,2.47244129
3.234689898,2.47244129
3.234689898,2.47244129
3.234689898,2.47244129
3.234689898,2.47244129
2.449192927,2.475498279
2.449192927,2.475498279
2.449192927,2.475498279
2.449192927,2.475498279
2.449192927,2.475498279
2.449192927,2.475498279
2.449192927,2.475498279
2.449192927,2.475498279
2.449192927,2.475498279
2.449192927,2.475498279
3.705290117,2.486657951
3.705290117,2.486657951
3.705290117,2.486657951
3.705290117,2.486657951
3.705290117,2.486657951
3.705290117,2.486657951
3.705290117,2.486657951
3.705290117,2.486657951
3.705290117,2.486657951
3.705290117,2.486657951
-1.027094797,2.495842494
-1.027094797,2.495842494
-1.027094797,2.495842494
-1.027094797,2.495842494
-1.027094797,2.495842494
-1.027094797,2.495842494
-1.027094797,2.495842494
-1.027094797,2.495842494
-1.027094797,2.495842494
-1.027094797,2.495842494
-1.161400065,2.501538815
-1.161400065,2.501538815
-1.161400065,2.501538815
-1.161400065,2.501538815
-1.161400065,2.501538815
-1.161400065,2.501538815
-1.161400065,2.501538815
-1.161400065,2.501538815
-1.161400065,2.501538815
-1.161400065,2.501538815
-0.131376018,2.544412451
-0.131376018,2.544412451
-0.131376018,2.544412451
-0.131376018,2.544412451
-0.131376018,2.544412451
-0.131376018,2.544412451
-0.131376018,2.544412451
-0.131376018,2.544412451
-0.131376018,2.544412451
-0.131376018,2.544412451
2.08850231,2.549739899
2.08850231,2.549739899
2.08850231,2.549739899
2.08850231,2.549739899
2.08850231,2.549739899
2.08850231,2.549739899
2.08850231,2.549739899
2.08850231,2.549739899
2.08850231,2.549739899
2.08850231,2.549739899
0.531385176,2.550176165
0.531385176,2.550176165
0.531385176,2.550176165
0.531385176,2.550176165
0.531385176,2.550176165
0.531385176,2.550176165
0.531385176,2.550176165
0.531385176,2.550176165
0.531385176,2.550176165
0.531385176,2.550176165
1.644867715,2.551110557
1.644867715,2.551110557
1.644867715,2.551110557
1.644867715,2.551110557
1.644867715,2.551110557
1.644867715,2.551110557
1.644867715,2.551110557
1.644867715,2.551110557
1.644867715,2.551110557
1.644867715,2.551110557
-1.173192897,2.567458696
-1.173192897,2.567458696
-1.173192897,2.567458696
-1.173192897,2.567458696
-1.173192897,2.567458696
-1.173192897,2.567458696
-1.173192897,2.567458696
-1.173192897,2.567458696
-1.173192897,2.567458696
-1.173192897,2.567458696
3.06747858,2.586133509
3.06747858,2.586133509
3.06747858,2.586133509
3.06747858,2.586133509
3.06747858,2.586133509
3.06747858,2.586133509
3.06747858,2.586133509
3.06747858,2.586133509
3.06747858,2.586133509
3.06747858,2.586133509
-0.881910701,2.609182826
-0.881910701,2.609182826
-0.881910701,2.609182826
-0.881910701,2.609182826
-0.881910701,2.609182826
-0.881910701,2.609182826
-0.881910701,2.609182826
-0.881910701,2.609182826
-0.881910701,2.609182826
-0.881910701,2.609182826
0.118306006,2.611049305
0.118306006,2.611049305
0.118306006,2.611049305
0.118306006,2.611049305
0.118306006,2.611049305
0.118306006,2.611049305
0.118306006,2.611049305
0.118306006,2.611049305
0.118306006,2.611049305
0.118306006,2.611049305
0.063239114,2.617737261
0.063239114,2.617737261
0.063239114,2.617737261
0.063239114,2.617737261
0.063239114,2.617737261
0.063239114,2.617737261
0.063239114,2.617737261
0.063239114,2.617737261
0.063239114,2.617737261
0.063239114,2.617737261
-0.218102629,2.639174698
-0.218102629,2.639174698
-0.218102629,2.639174698
-0.218102629,2.639174698
-0.218102629,2.639174698
-0.218102629,2.639174698
-0.218102629,2.639174698
-0.218102629,2.639174698
-0.218102629,2.639174698
-0.218102629,2.639174698
0.466220041,2.64561528
0.466220041,2.64561528
0.466220041,2.64561528
0.466220041,2.64561528
0.466220041,2.64561528
0.466220041,2.64561528
0.466220041,2.64561528
0.466220041,2.64561528
0.466220041,2.64561528
0.466220041,2.64561528
2.373886438,2.655299715
2.373886438,2.655299715
2.373886438,2.655299715
2.373886438,2.655299715
2.373886438,2.655299715
2.373886438,2.655299715
2.373886438,2.655299715
2.373886438,2.655299715
2.373886438,2.655299715
2.373886438,2.655299715
0.423279068,2.662497398
0.423279068,2.662497398
0.423279068,2.662497398
0.423279068,2.662497398
0.423279068,2.662497398
0.423279068,2.662497398
0.423279068,2.662497398
0.423279068,2.662497398
0.423279068,2.662497398
0.423279068,2.662497398
1.830362319,2.668056769
1.830362319,2.668056769
1.830362319,2.668056769
1.830362319,2.668056769
1.830362319,2.668056769
1.830362319,2.668056769
1.830362319,2.668056769
1.830362319,2.668056769
1.830362319,2.668056769
1.830362319,2.668056769
2.913069432,2.677350439
2.913069432,2.677350439
2.913069432,2.677350439
2.913069432,2.677350439
2.913069432,2.677350439
2.913069432,2.677350439
2.913069432,2.677350439
2.913069432,2.677350439
2.913069432,2.677350439
2.913069432,2.677350439
-2.530957042,2.685005396
-2.530957042,2.685005396
-2.530957042,2.685005396
-2.530957042,2.685005396
-2.530957042,2.685005396
-2.530957042,2.685005396
-2.530957042,2.685005396
-2.530957042,2.685005396
-2.530957042,2.685005396
-2.530957042,2.685005396
2.585058025,2.685551008
2.585058025,2.685551008
2.585058025,2.685551008
2.585058025,2.685551008
2.585058025,2.685551008
2.585058025,2.685551008
2.585058025,2.685551008
2.585058025,2.685551008
2.585058025,2.685551008
2.585058025,2.685551008
1.189072319,2.68856836
1.189072319,2.68856836
1.189072319,2.68856836
1.189072319,2.68856836
1.189072319,2.68856836
1.189072319,2.68856836
1.189072319,2.68856836
1.189072319,2.68856836
1.189072319,2.68856836
1.189072319,2.68856836
2.610360645,2.692783469
2.610360645,2.692783469
2.610360645,2.692783469
2.610360645,2.692783469
2.610360645,2.692783469
2.610360645,2.692783469
2.610360645,2.692783469
2.610360645,2.692783469
2.610360645,2.692783469
2.610360645,2.692783469
-3.212236525,2.706940861
-3.212236525,2.706940861
-3.212236525,2.706940861
-3.212236525,2.706940861
-3.212236525,2.706940861
-3.212236525,2.706940861
-3.212236525,2.706940861
-3.212236525,2.706940861
-3.212236525,2.706940861
-3.212236525,2.706940861
1.339804456,2.715861125
1.339804456,2.715861125
1.339804456,2.715861125
1.339804456,2.715861125
1.339804456,2.715861125
1.339804456,2.715861125
1.339804456,2.715861125
1.339804456,2.715861125
1.339804456,2.715861125
1.339804456,2.715861125
-0.545953715,2.718743757
-0.545953715,2.718743757
-0.545953715,2.718743757
-0.545953715,2.718743757
-0.545953715,2.718743757
-0.545953715,2.718743757
-0.545953715,2.718743757
-0.545953715,2.718743757
-0.545953715,2.718743757
-0.545953715,2.718743757
2.589923996,2.737192826
2.589923996,2.737192826
2.589923996,2.737192826
2.589923996,2.737192826
2.589923996,2.737192826
2.589923996,2.737192826
2.589923996,2.737192826
2.589923996,2.737192826
2.589923996,2.737192826
2.589923996,2.737192826
1.405634144,2.754218098
1.405634144,2.754218098
1.405634144,2.754218098
1.405634144,2.754218098
1.405634144,2.754218098
1.405634144,2.754218098
1.405634144,2.754218098
1.405634144,2.754218098
1.405634144,2.754218098
1.405634144,2.754218098
1.973653345,2.802528362
1.973653345,2.802528362
1.973653345,2.802528362
1.973653345,2.802528362
1.973653345,2.802528362
1.973653345,2.802528362
1.973653345,2.802528362
1.973653345,2.802528362
1.973653345,2.802528362
1.973653345,2.802528362
-0.871904449,2.808728352
-0.871904449,2.808728352
-0.871904449,2.808728352
-0.871904449,2.808728352
-0.871904449,2.808728352
-0.871904449,2.808728352
-0.871904449,2.808728352
-0.871904449,2.808728352
-0.871904449,2.808728352
-0.871904449,2.808728352
-0.335322446,2.869275615
-0.335322446,2.869275615
-0.335322446,2.869275615
-0.335322446,2.869275615
-0.335322446,2.869275615
-0.335322446,2.869275615
-0.335322446,2.869275615
-0.335322446,2.869275615
-0.335322446,2.869275615
-0.335322446,2.869275615
2.423543592,2.877366453
2.423543592,2.877366453
2.423543592,2.877366453
2.423543592,2.877366453
2.423543592,2.877366453
2.423543592,2.877366453
2.423543592,2.877366453
2.423543592,2.877366453
2.423543592,2.877366453
2.423543592,2.877366453
2.802957221,2.888260195
2.802957221,2.888260195
2.802957221,2.888260195
2.802957221,2.888260195
2.802957221,2.888260195
2.802957221,2.888260195
2.802957221,2.888260195
2.802957221,2.888260195
2.802957221,2.888260195
2.802957221,2.888260195
0.640814271,2.897378857
0.640814271,2.897378857
0.640814271,2.897378857
0.640814271,2.897378857
0.640814271,2.897378857
0.640814271,2.897378857
0.640814271,2.897378857
0.640814271,2.897378857
0.640814271,2.897378857
0.640814271,2.897378857
-0.321122466,2.92749419
-0.321122466,2.92749419
-0.321122466,2.92749419
-0.321122466,2.92749419
-0.321122466,2.92749419
-0.321122466,2.92749419
-0.321122466,2.92749419
-0.321122466,2.92749419
-0.321122466,2.92749419
-0.321122466,2.92749419
2.344996303,2.944065958
2.344996303,2.944065958
2.344996303,2.944065958
2.344996303,2.944065958
2.344996303,2.944065958
2.344996303,2.944065958
2.344996303,2.944065958
2.344996303,2.944065958
2.344996303,2.944065958
2.344996303,2.944065958
11.70588139,3.005701441
11.70588139,3.005701441
11.70588139,3.005701441
11.70588139,3.005701441
11.70588139,3.005701441
11.70588139,3.005701441
11.70588139,3.005701441
11.70588139,3.005701441
11.70588139,3.005701441
11.70588139,3.005701441
-2.082217901,3.033816506
-2.082217901,3.033816506
-2.082217901,3.033816506
-2.082217901,3.033816506
-2.082217901,3.033816506
-2.082217901,3.033816506
-2.082217901,3.033816506
-2.082217901,3.033816506
-2.082217901,3.033816506
-2.082217901,3.033816506
-1.268920874,3.058386231
-1.268920874,3.058386231
-1.268920874,3.058386231
-1.268920874,3.058386231
-1.268920874,3.058386231
-1.268920874,3.058386231
-1.268920874,3.058386231
-1.268920874,3.058386231
-1.268920874,3.058386231
-1.268920874,3.058386231
0.121471914,3.109059407
0.121471914,3.109059407
0.121471914,3.109059407
0.121471914,3.109059407
0.121471914,3.109059407
0.121471914,3.109059407
0.121471914,3.109059407
0.121471914,3.109059407
0.121471914,3.109059407
0.121471914,3.109059407
2.953446528,3.143038651
2.953446528,3.143038651
2.953446528,3.143038651
2.953446528,3.143038651
2.953446528,3.143038651
2.953446528,3.143038651
2.953446528,3.143038651
2.953446528,3.143038651
2.953446528,3.143038651
2.953446528,3.143038651
1.124455241,3.153775734
1.124455241,3.153775734
1.124455241,3.153775734
1.124455241,3.153775734
1.124455241,3.153775734
1.124455241,3.153775734
1.124455241,3.153775734
1.124455241,3.153775734
1.124455241,3.153775734
1.124455241,3.153775734
0.84325512,3.169580134
0.84325512,3.169580134
0.84325512,3.169580134
0.84325512,3.169580134
0.84325512,3.169580134
0.84325512,3.169580134
0.84325512,3.169580134
0.84325512,3.169580134
0.84325512,3.169580134
0.84325512,3.169580134
3.369258314,3.199619911
3.369258314,3.199619911
3.369258314,3.199619911
3.369258314,3.199619911
3.369258314,3.199619911
3.369258314,3.199619911
3.369258314,3.199619911
3.369258314,3.199619911
3.369258314,3.199619911
3.369258314,3.199619911
1.194162587,3.217305597
1.194162587,3.217305597
1.194162587,3.217305597
1.194162587,3.217305597
1.194162587,3.217305597
1.194162587,3.217305597
1.194162587,3.217305597
1.194162587,3.217305597
1.194162587,3.217305597
1.194162587,3.217305597
1.880112226,3.246152259
1.880112226,3.246152259
1.880112226,3.246152259
1.880112226,3.246152259
1.880112226,3.246152259
1.880112226,3.246152259
1.880112226,3.246152259
1.880112226,3.246152259
1.880112226,3.246152259
1.880112226,3.246152259
3.707930902,3.247176971
3.707930902,3.247176971
3.707930902,3.247176971
3.707930902,3.247176971
3.707930902,3.247176971
3.707930902,3.247176971
3.707930902,3.247176971
3.707930902,3.247176971
3.707930902,3.247176971
3.707930902,3.247176971
0.335215364,3.25133324
0.335215364,3.25133324
0.335215364,3.25133324
0.335215364,3.25133324
0.335215364,3.25133324
0.335215364,3.25133324
0.335215364,3.25133324
1.287122015,3.254306468
1.287122015,3.254306468
1.287122015,3.254306468
1.287122015,3.254306468
1.287122015,3.254306468
1.287122015,3.254306468
1.287122015,3.254306468
1.287122015,3.254306468
1.287122015,3.254306468
1.287122015,3.254306468
-2.31282776,3.26969383
-2.31282776,3.26969383
-2.31282776,3.26969383
-2.31282776,3.26969383
-2.31282776,3.26969383
-2.31282776,3.26969383
-2.31282776,3.26969383
-2.31282776,3.26969383
-2.31282776,3.26969383
-2.31282776,3.26969383
0.413643377,3.286737533
0.413643377,3.286737533
0.413643377,3.286737533
0.413643377,3.286737533
0.413643377,3.286737533
0.413643377,3.286737533
0.413643377,3.286737533
0.413643377,3.286737533
0.413643377,3.286737533
0.413643377,3.286737533
-1.82074936,3.296492069
-1.82074936,3.296492069
-1.82074936,3.296492069
-1.82074936,3.296492069
-1.82074936,3.296492069
-1.82074936,3.296492069
-1.82074936,3.296492069
-1.82074936,3.296492069
-1.82074936,3.296492069
-1.82074936,3.296492069
0.147229689,3.342513886
0.147229689,3.342513886
0.147229689,3.342513886
0.147229689,3.342513886
0.147229689,3.342513886
0.147229689,3.342513886
0.147229689,3.342513886
0.147229689,3.342513886
0.147229689,3.342513886
0.147229689,3.342513886
-7.218580456,3.412420844
-7.218580456,3.412420844
-7.218580456,3.412420844
-7.218580456,3.412420844
-7.218580456,3.412420844
-7.218580456,3.412420844
-7.218580456,3.412420844
-7.218580456,3.412420844
-7.218580456,3.412420844
-7.218580456,3.412420844
-2.221882439,3.428533696
-2.221882439,3.428533696
-2.221882439,3.428533696
-2.221882439,3.428533696
-2.221882439,3.428533696
-2.221882439,3.428533696
-2.221882439,3.428533696
-2.221882439,3.428533696
-2.221882439,3.428533696
-0.240293653,3.44172567
-0.240293653,3.44172567
-0.240293653,3.44172567
-0.240293653,3.44172567
-0.240293653,3.44172567
-0.240293653,3.44172567
-0.240293653,3.44172567
-0.240293653,3.44172567
-0.240293653,3.44172567
-0.240293653,3.44172567
0.818351816,3.442748675
0.818351816,3.442748675
0.818351816,3.442748675
0.818351816,3.442748675
0.818351816,3.442748675
0.818351816,3.442748675
0.818351816,3.442748675
0.818351816,3.442748675
0.818351816,3.442748675
0.818351816,3.442748675
0.840802992,3.446637263
0.840802992,3.446637263
0.840802992,3.446637263
0.840802992,3.446637263
0.840802992,3.446637263
0.840802992,3.446637263
0.840802992,3.446637263
0.840802992,3.446637263
0.840802992,3.446637263
0.840802992,3.446637263
2.643571239,3.447286289
2.643571239,3.447286289
2.643571239,3.447286289
2.643571239,3.447286289
2.643571239,3.447286289
2.643571239,3.447286289
2.643571239,3.447286289
2.643571239,3.447286289
2.643571239,3.447286289
2.643571239,3.447286289
4.906765421,3.515805371
4.906765421,3.515805371
4.906765421,3.515805371
4.906765421,3.515805371
4.906765421,3.515805371
4.906765421,3.515805371
4.906765421,3.515805371
4.906765421,3.515805371
4.906765421,3.515805371
4.906765421,3.515805371
0.264046924,3.530022341
0.264046924,3.530022341
0.264046924,3.530022341
0.264046924,3.530022341
0.264046924,3.530022341
0.264046924,3.530022341
0.264046924,3.530022341
0.264046924,3.530022341
0.264046924,3.530022341
0.264046924,3.530022341
-1.225781138,3.569888992
-1.225781138,3.569888992
-1.225781138,3.569888992
-1.225781138,3.569888992
-1.225781138,3.569888992
-1.225781138,3.569888992
-1.225781138,3.569888992
-1.225781138,3.569888992
-1.225781138,3.569888992
-1.225781138,3.569888992
7.384012152,3.603068519
7.384012152,3.603068519
7.384012152,3.603068519
7.384012152,3.603068519
7.384012152,3.603068519
7.384012152,3.603068519
7.384012152,3.603068519
7.384012152,3.603068519
0.584688559,3.638329157
0.584688559,3.638329157
0.584688559,3.638329157
0.584688559,3.638329157
0.584688559,3.638329157
0.584688559,3.638329157
0.584688559,3.638329157
0.584688559,3.638329157
0.584688559,3.638329157
0.584688559,3.638329157
2.602690801,3.651823764
2.602690801,3.651823764
2.602690801,3.651823764
2.602690801,3.651823764
2.602690801,3.651823764
2.602690801,3.651823764
2.602690801,3.651823764
2.602690801,3.651823764
2.602690801,3.651823764
2.602690801,3.651823764
-3.43110741,3.661039422
-3.43110741,3.661039422
-3.43110741,3.661039422
-3.43110741,3.661039422
-3.43110741,3.661039422
-3.43110741,3.661039422
-3.43110741,3.661039422
-3.43110741,3.661039422
-3.43110741,3.661039422
-3.43110741,3.661039422
0.16497826,3.696336254
0.16497826,3.696336254
0.16497826,3.696336254
0.16497826,3.696336254
0.16497826,3.696336254
0.16497826,3.696336254
0.16497826,3.696336254
0.16497826,3.696336254
0.16497826,3.696336254
0.16497826,3.696336254
-0.841555213,3.734794532
-0.841555213,3.734794532
-0.841555213,3.734794532
-0.841555213,3.734794532
-0.841555213,3.734794532
-0.841555213,3.734794532
-0.841555213,3.734794532
-0.841555213,3.734794532
-0.841555213,3.734794532
-0.841555213,3.734794532
-0.36320799,3.771324102
-0.36320799,3.771324102
-0.36320799,3.771324102
-0.36320799,3.771324102
-0.36320799,3.771324102
-0.36320799,3.771324102
-0.36320799,3.771324102
-0.36320799,3.771324102
-0.36320799,3.771324102
-0.36320799,3.771324102
2.571415797,3.773656799
2.571415797,3.773656799
2.571415797,3.773656799
2.571415797,3.773656799
2.571415797,3.773656799
2.571415797,3.773656799
2.571415797,3.773656799
2.571415797,3.773656799
2.571415797,3.773656799
2.571415797,3.773656799
3.059369117,3.77731622
3.059369117,3.77731622
3.059369117,3.77731622
3.059369117,3.77731622
3.059369117,3.77731622
3.059369117,3.77731622
3.059369117,3.77731622
3.059369117,3.77731622
3.059369117,3.77731622
3.059369117,3.77731622
1.066166981,3.819870653
1.066166981,3.819870653
1.066166981,3.819870653
1.066166981,3.819870653
1.066166981,3.819870653
1.066166981,3.819870653
1.066166981,3.819870653
1.066166981,3.819870653
1.066166981,3.819870653
1.066166981,3.819870653
0.764680107,3.823695458
0.764680107,3.823695458
0.764680107,3.823695458
0.764680107,3.823695458
0.764680107,3.823695458
0.764680107,3.823695458
0.764680107,3.823695458
0.764680107,3.823695458
0.764680107,3.823695458
0.764680107,3.823695458
0.684210117,3.85458732
0.684210117,3.85458732
0.684210117,3.85458732
0.684210117,3.85458732
0.684210117,3.85458732
0.684210117,3.85458732
0.684210117,3.85458732
0.684210117,3.85458732
0.684210117,3.85458732
0.684210117,3.85458732
-0.503772233,3.897090808
-0.503772233,3.897090808
-0.503772233,3.897090808
-0.503772233,3.897090808
-0.503772233,3.897090808
-0.503772233,3.897090808
-0.503772233,3.897090808
-0.503772233,3.897090808
-0.503772233,3.897090808
-0.503772233,3.897090808
-1.014500545,3.918885898
-1.014500545,3.918885898
-1.014500545,3.918885898
-1.014500545,3.918885898
-1.014500545,3.918885898
-1.014500545,3.918885898
-1.014500545,3.918885898
-1.014500545,3.918885898
-1.014500545,3.918885898
-1.014500545,3.918885898
-3.980572212,3.935444617
-3.980572212,3.935444617
-3.980572212,3.935444617
-3.980572212,3.935444617
-3.980572212,3.935444617
-3.980572212,3.935444617
-3.980572212,3.935444617
-3.980572212,3.935444617
-3.980572212,3.935444617
-3.980572212,3.935444617
3.711828234,3.942956915
3.711828234,3.942956915
3.711828234,3.942956915
3.711828234,3.942956915
3.711828234,3.942956915
3.711828234,3.942956915
3.711828234,3.942956915
3.711828234,3.942956915
3.711828234,3.942956915
3.711828234,3.942956915
2.881491532,4.000052382
2.881491532,4.000052382
2.881491532,4.000052382
2.881491532,4.000052382
2.881491532,4.000052382
2.881491532,4.000052382
2.881491532,4.000052382
2.881491532,4.000052382
2.881491532,4.000052382
2.881491532,4.000052382
2.0717152,4.006585321
2.0717152,4.006585321
2.0717152,4.006585321
2.0717152,4.006585321
2.0717152,4.006585321
2.0717152,4.006585321
2.0717152,4.006585321
2.0717152,4.006585321
2.0717152,4.006585321
2.0717152,4.006585321
-0.524091541,4.059313996
-0.524091541,4.059313996
-0.524091541,4.059313996
-0.524091541,4.059313996
-0.524091541,4.059313996
-0.524091541,4.059313996
-0.524091541,4.059313996
-0.524091541,4.059313996
-0.524091541,4.059313996
-0.524091541,4.059313996
5.199286,4.090949143
5.199286,4.090949143
5.199286,4.090949143
5.199286,4.090949143
5.199286,4.090949143
5.199286,4.090949143
5.199286,4.090949143
5.199286,4.090949143
5.199286,4.090949143
5.199286,4.090949143
3.110483046,4.175051981
3.110483046,4.175051981
3.110483046,4.175051981
3.110483046,4.175051981
3.110483046,4.175051981
3.110483046,4.175051981
3.110483046,4.175051981
3.110483046,4.175051981
3.110483046,4.175051981
3.110483046,4.175051981
2.312700091,4.223481737
2.312700091,4.223481737
2.312700091,4.223481737
2.312700091,4.223481737
2.312700091,4.223481737
2.312700091,4.223481737
2.312700091,4.223481737
2.312700091,4.223481737
2.312700091,4.223481737
2.312700091,4.223481737
0.234658682,4.277503844
0.234658682,4.277503844
0.234658682,4.277503844
0.234658682,4.277503844
0.234658682,4.277503844
0.234658682,4.277503844
0.234658682,4.277503844
0.234658682,4.277503844
0.234658682,4.277503844
0.234658682,4.277503844
-0.077465486,4.439761479
-0.077465486,4.439761479
-0.077465486,4.439761479
-0.077465486,4.439761479
-0.077465486,4.439761479
-0.077465486,4.439761479
-0.077465486,4.439761479
-0.077465486,4.439761479
-0.077465486,4.439761479
-0.077465486,4.439761479
1.090357298,4.497387169
1.090357298,4.497387169
1.090357298,4.497387169
1.090357298,4.497387169
1.090357298,4.497387169
1.090357298,4.497387169
1.090357298,4.497387169
1.090357298,4.497387169
1.090357298,4.497387169
1.090357298,4.497387169
2.530084466,4.515349201
2.530084466,4.515349201
2.530084466,4.515349201
2.530084466,4.515349201
2.530084466,4.515349201
2.530084466,4.515349201
2.530084466,4.515349201
0.181079624,4.527550259
0.181079624,4.527550259
0.181079624,4.527550259
0.181079624,4.527550259
0.181079624,4.527550259
0.181079624,4.527550259
0.181079624,4.527550259
0.181079624,4.527550259
0.181079624,4.527550259
0.181079624,4.527550259
2.798300931,4.602875682
2.798300931,4.602875682
2.798300931,4.602875682
2.798300931,4.602875682
2.798300931,4.602875682
2.798300931,4.602875682
2.798300931,4.602875682
2.798300931,4.602875682
2.798300931,4.602875682
2.798300931,4.602875682
0.916167247,4.606937783
0.916167247,4.606937783
0.916167247,4.606937783
0.916167247,4.606937783
0.916167247,4.606937783
0.916167247,4.606937783
0.916167247,4.606937783
0.916167247,4.606937783
0.916167247,4.606937783
0.916167247,4.606937783
1.579226396,4.654107477
1.579226396,4.654107477
1.579226396,4.654107477
1.579226396,4.654107477
1.579226396,4.654107477
1.579226396,4.654107477
1.579226396,4.654107477
1.579226396,4.654107477
1.579226396,4.654107477
1.579226396,4.654107477
7.863900702,4.658458631
7.863900702,4.658458631
7.863900702,4.658458631
7.863900702,4.658458631
7.863900702,4.658458631
7.863900702,4.658458631
7.863900702,4.658458631
7.863900702,4.658458631
7.863900702,4.658458631
7.863900702,4.658458631
-3.985075856,4.710368817
-3.985075856,4.710368817
-3.985075856,4.710368817
-3.985075856,4.710368817
-3.985075856,4.710368817
-3.985075856,4.710368817
-3.985075856,4.710368817
-3.985075856,4.710368817
-3.985075856,4.710368817
-3.985075856,4.710368817
1.608579039,4.731906178
1.608579039,4.731906178
1.608579039,4.731906178
1.608579039,4.731906178
1.608579039,4.731906178
1.608579039,4.731906178
1.608579039,4.731906178
1.608579039,4.731906178
1.608579039,4.731906178
1.608579039,4.731906178
-2.334129153,4.754490325
-2.334129153,4.754490325
-2.334129153,4.754490325
-2.334129153,4.754490325
-2.334129153,4.754490325
-2.334129153,4.754490325
-2.334129153,4.754490325
-2.334129153,4.754490325
-2.334129153,4.754490325
-2.334129153,4.754490325
0.993112345,4.766689477
0.993112345,4.766689477
0.993112345,4.766689477
0.993112345,4.766689477
0.993112345,4.766689477
0.993112345,4.766689477
0.993112345,4.766689477
0.993112345,4.766689477
0.993112345,4.766689477
0.993112345,4.766689477
-8.576973749,4.830927
-8.576973749,4.830927
-8.576973749,4.830927
-8.576973749,4.830927
-8.576973749,4.830927
-8.576973749,4.830927
-8.576973749,4.830927
-8.576973749,4.830927
-8.576973749,4.830927
-8.576973749,4.830927
-2.358339126,4.91589785
-2.358339126,4.91589785
-2.358339126,4.91589785
-2.358339126,4.91589785
-2.358339126,4.91589785
-2.358339126,4.91589785
-2.358339126,4.91589785
-2.358339126,4.91589785
-2.358339126,4.91589785
-2.358339126,4.91589785
-1.181940982,4.935616512
-1.181940982,4.935616512
-1.181940982,4.935616512
-1.181940982,4.935616512
-1.181940982,4.935616512
-1.181940982,4.935616512
-1.181940982,4.935616512
-1.181940982,4.935616512
-1.181940982,4.935616512
-1.181940982,4.935616512
-6.312525179,5.010165681
-6.312525179,5.010165681
-6.312525179,5.010165681
-6.312525179,5.010165681
-6.312525179,5.010165681
-6.312525179,5.010165681
-6.312525179,5.010165681
-6.312525179,5.010165681
-6.312525179,5.010165681
-6.312525179,5.010165681
-0.882843855,5.291130832
-0.882843855,5.291130832
-0.882843855,5.291130832
-0.882843855,5.291130832
-0.882843855,5.291130832
-0.882843855,5.291130832
-0.882843855,5.291130832
-0.882843855,5.291130832
-0.882843855,5.291130832
-0.882843855,5.291130832
-13.29894815,5.322075956
-13.29894815,5.322075956
-13.29894815,5.322075956
-13.29894815,5.322075956
-13.29894815,5.322075956
-13.29894815,5.322075956
-13.29894815,5.322075956
-13.29894815,5.322075956
-13.29894815,5.322075956
-13.29894815,5.322075956
0.105104577,5.606785201
0.105104577,5.606785201
0.105104577,5.606785201
0.105104577,5.606785201
0.105104577,5.606785201
0.105104577,5.606785201
0.105104577,5.606785201
0.105104577,5.606785201
0.105104577,5.606785201
0.105104577,5.606785201
-0.585549165,5.635996963
-0.585549165,5.635996963
-0.585549165,5.635996963
-0.585549165,5.635996963
-0.585549165,5.635996963
-0.585549165,5.635996963
-0.585549165,5.635996963
-0.585549165,5.635996963
-0.585549165,5.635996963
-0.585549165,5.635996963
1.600416749,5.672107969
1.600416749,5.672107969
1.600416749,5.672107969
1.600416749,5.672107969
1.600416749,5.672107969
1.600416749,5.672107969
1.600416749,5.672107969
1.600416749,5.672107969
1.600416749,5.672107969
1.600416749,5.672107969
-3.18857218,5.791331689
-3.18857218,5.791331689
-3.18857218,5.791331689
-3.18857218,5.791331689
-3.18857218,5.791331689
-3.18857218,5.791331689
-3.18857218,5.791331689
-3.18857218,5.791331689
-3.18857218,5.791331689
-3.18857218,5.791331689
4.903483284,5.820463335
4.903483284,5.820463335
4.903483284,5.820463335
4.903483284,5.820463335
4.903483284,5.820463335
4.903483284,5.820463335
4.903483284,5.820463335
4.903483284,5.820463335
4.903483284,5.820463335
4.903483284,5.820463335
-0.955285877,5.846413562
-0.955285877,5.846413562
-0.955285877,5.846413562
-0.955285877,5.846413562
-0.955285877,5.846413562
-0.955285877,5.846413562
-0.955285877,5.846413562
-0.955285877,5.846413562
-0.955285877,5.846413562
-0.955285877,5.846413562
1.578089954,5.888135212
1.578089954,5.888135212
1.578089954,5.888135212
1.578089954,5.888135212
1.578089954,5.888135212
1.578089954,5.888135212
1.578089954,5.888135212
1.578089954,5.888135212
1.578089954,5.888135212
1.578089954,5.888135212
1.848663248,5.928627926
1.848663248,5.928627926
1.848663248,5.928627926
1.848663248,5.928627926
1.848663248,5.928627926
1.848663248,5.928627926
1.848663248,5.928627926
1.848663248,5.928627926
1.848663248,5.928627926
1.848663248,5.928627926
-1.932764859,6.578059208
-1.932764859,6.578059208
-1.932764859,6.578059208
-1.932764859,6.578059208
-1.932764859,6.578059208
-1.932764859,6.578059208
-1.932764859,6.578059208
-1.932764859,6.578059208
-1.932764859,6.578059208
-1.932764859,6.578059208
-3.210897399,6.654416178
-3.210897399,6.654416178
-3.210897399,6.654416178
-3.210897399,6.654416178
-3.210897399,6.654416178
-3.210897399,6.654416178
-3.210897399,6.654416178
-3.210897399,6.654416178
-3.210897399,6.654416178
-3.210897399,6.654416178
2.811367329,7.014514796
2.811367329,7.014514796
2.811367329,7.014514796
2.811367329,7.014514796
2.811367329,7.014514796
2.811367329,7.014514796
2.811367329,7.014514796
2.811367329,7.014514796
2.811367329,7.014514796
2.811367329,7.014514796
-0.582676175,7.080584768
-0.582676175,7.080584768
-0.582676175,7.080584768
-0.582676175,7.080584768
-0.582676175,7.080584768
-0.582676175,7.080584768
-0.582676175,7.080584768
-0.582676175,7.080584768
-0.582676175,7.080584768
-0.582676175,7.080584768
5.109053909,7.149193376
5.109053909,7.149193376
5.109053909,7.149193376
5.109053909,7.149193376
5.109053909,7.149193376
5.109053909,7.149193376
5.109053909,7.149193376
5.109053909,7.149193376
5.109053909,7.149193376
5.109053909,7.149193376
10.70880947,7.233404777
10.70880947,7.233404777
10.70880947,7.233404777
10.70880947,7.233404777
10.70880947,7.233404777
10.70880947,7.233404777
10.70880947,7.233404777
10.70880947,7.233404777
10.70880947,7.233404777
10.70880947,7.233404777
1.287398784,7.323369104
1.287398784,7.323369104
1.287398784,7.323369104
1.287398784,7.323369104
1.287398784,7.323369104
1.287398784,7.323369104
1.287398784,7.323369104
1.287398784,7.323369104
1.287398784,7.323369104
1.287398784,7.323369104
2.546376064,10.4033932
2.546376064,10.4033932
2.546376064,10.4033932
2.546376064,10.4033932
2.546376064,10.4033932
2.546376064,10.4033932
2.546376064,10.4033932
2.546376064,10.4033932
2.546376064,10.4033932
2.546376064,10.4033932
0.334448239,11.24769388
0.334448239,11.24769388
0.334448239,11.24769388
0.334448239,11.24769388
0.334448239,11.24769388
0.334448239,11.24769388
0.334448239,11.24769388
0.334448239,11.24769388
0.334448239,11.24769388
0.334448239,11.24769388
2.695661403,11.41180277
2.695661403,11.41180277
2.695661403,11.41180277
2.695661403,11.41180277
2.695661403,11.41180277
2.695661403,11.41180277
2.695661403,11.41180277
2.695661403,11.41180277
2.695661403,11.41180277
2.695661403,11.41180277
6.961549001,12.09153861
6.961549001,12.09153861
6.961549001,12.09153861
6.961549001,12.09153861
6.961549001,12.09153861
6.961549001,12.09153861
6.961549001,12.09153861
6.961549001,12.09153861
6.961549001,12.09153861
6.961549001,12.09153861
-0.21562914,13.29233947
-0.21562914,13.29233947
-0.21562914,13.29233947
-0.21562914,13.29233947
-0.21562914,13.29233947
-0.21562914,13.29233947
-0.21562914,13.29233947
-0.21562914,13.29233947
-0.21562914,13.29233947
-0.21562914,13.29233947
